Cruzeiro;Gremio;2018;1; ; 1 ; 42% ; 58% ; 8 ; 3 ;;;;; 1 ; ; 5 ; 2 ;;; 54 ; 57 ; 44 ; 30 ; ; 2 ;;;;; 3 ; 1 ; ; 1 ; 20 ; 15 ; 17 ; 20 ; 3 ; 5 ; 13 ; 12 ; 7 ; 4 
Santos;Ceara;2018;1; 2 ; ; 52% ; 48% ; 1 ; 2 ;;;;; 5 ; 4 ; 13 ; 4 ;;; 69 ; 53 ; 53 ; 36 ; 1 ; ;;;;; ; 1 ;;; 8 ; 5 ; 5 ; 9 ; 7 ; 16 ; 21 ; 21 ; 4 ; 2 
Atletico Pr;Chapecoense;2018;1; 5 ; 1 ; 64% ; 36% ; 5 ; 1 ;;;;; 3 ; 4 ; 5 ; 6 ;;; 52 ; 48 ; 39 ; 31 ; 3 ; 1 ;;;;; 1 ; 3 ;;; 10 ; 16 ; 17 ; 13 ; 9 ; 9 ; 19 ; 18 ; 3 ; 9 
America Mineiro;Sport;2018;1; 3 ; ; 39% ; 61% ; 2 ; 5 ;;;;; ; 3 ; 8 ; 6 ;;; 53 ; 56 ; 22 ; 33 ; 4 ; 3 ;;;;; 1 ; 3 ;;; 12 ; 12 ; 15 ; 16 ; 10 ; 9 ; 18 ; 25 ; 2 ; 6 
Corinthians;Fluminense;2018;1; 2 ; 1 ; 62% ; 38% ; ; 5 ;;;;; 3 ; 2 ; 6 ; 7 ;;; 54 ; 49 ; 34 ; 33 ;;;;;;;;;;; 14 ; 15 ; 15 ; 14 ; 8 ; 10 ; 25 ; 29 ; 6 ; 2 
Internacional;Bahia;2018;1; 2 ; ; 44% ; 56% ; 2 ; 2 ;;;;; 2 ; 4 ; 6 ; 5 ;;; 59 ; 70 ; 39 ; 49 ; 1 ; 1 ;;;;; 2 ; ;;; 15 ; 18 ; 19 ; 16 ; 7 ; 9 ; 23 ; 32 ; 4 ; 3 
Botafogo;Palmeiras;2018;1; 1 ; 1 ; 48% ; 52% ; 4 ; 4 ;;;;; 2 ; ; 6 ; 1 ;;; 58 ; 67 ; 43 ; 53 ;;;;;;; 1 ; 4 ;;; 7 ; 23 ; 23 ; 7 ; 3 ; 7 ; 25 ; 29 ; 8 ; 3 
Vasco;Atletico Mg;2018;1; 1 ; 1 ; 67% ; 33% ; 8 ; 7 ;;; 1 ; ; 2 ; ; 6 ; 4 ;;; 56 ; 35 ; 39 ; 21 ; 3 ; 2 ; 1 ; ;;; 4 ; 3 ;;; 11 ; 18 ; 20 ; 14 ; 5 ; 8 ; 28 ; 19 ; 9 ; 3 
Bahia;Santos;2018;2; 1 ; ; 50% ; 50% ; 4 ; 3 ;;; 1 ; ; 1 ; ; 5 ; 3 ;;; 64 ; 43 ; 38 ; 23 ; 2 ; 3 ;;;;; 3 ; 3 ;;; 28 ; 22 ; 25 ; 30 ; 7 ; 9 ; 19 ; 18 ; 7 ; 6 
Flamengo;America Mineiro;2018;2; 2 ; ; 52% ; 48% ; 3 ; 7 ;;;;; ; 3 ; 5 ; 3 ;;; 42 ; 49 ; 27 ; 33 ; 1 ; ; 1 ; ;;; 1 ; 1 ;;; 15 ; 16 ; 16 ; 16 ; 11 ; 8 ; 14 ; 33 ; 6 ; 12 
Parana Clube;Corinthians;2018;2; ; 4 ; 57% ; 43% ; 8 ; ;;; 1 ; ; 3 ; 1 ; 4 ; 2 ;;; 68 ; 64 ; 40 ; 26 ; 2 ; 1 ;;;;; 1 ; 1 ;;; 16 ; 16 ; 17 ; 18 ; 5 ; 13 ; 28 ; 15 ; 5 ; 2 
Sao Paulo;Parana Clube;2018;1; 1 ; ; 55% ; 45% ; 5 ; 1 ;;;;; 1 ; ; 2 ; 5 ;;; 101 ; 75 ; 58 ; 29 ; 3 ; 2 ;;;;; 4 ; 2 ;;; 19 ; 15 ; 17 ; 22 ; 5 ; 7 ; 19 ; 22 ; 7 ; 7 
Atletico Mg;Vitoria;2018;2; 2 ; 1 ; 59% ; 41% ; 2 ; 5 ;;; 3 ; ; 2 ; 1 ; 3 ; 6 ;;; 60 ; 53 ; 45 ; 33 ; 6 ; 1 ;;;;; 2 ; 4 ;;; 22 ; 19 ; 20 ; 28 ; 11 ; 7 ; 24 ; 20 ; 6 ; 5 
Fluminense;Cruzeiro;2018;2; 1 ; ; 36% ; 64% ; 2 ; 6 ;;; ; 1 ; ; 3 ; ; 5 ;;; 47 ; 65 ; 23 ; 50 ; ; 3 ;;;;; 3 ; 2 ; 1 ; ; 13 ; 19 ; 22 ; 13 ; 6 ; 1 ; 18 ; 16 ; 1 ; 7 
Ceara;Sao Paulo;2018;2;;; 55% ; 45% ; 3 ; 3 ;;;;; 6 ; 1 ; 3 ; 7 ;;; 70 ; 65 ; 47 ; 37 ; 1 ; 1 ;;;;; 1 ; 1 ;;; 12 ; 7 ; 8 ; 13 ; 6 ; 5 ; 24 ; 10 ; 7 ; 7 
Palmeiras;Internacional;2018;2; 1 ; ; 45% ; 55% ; 2 ; 2 ;;; 1 ; ; 2 ; ; 8 ; 4 ;;; 73 ; 72 ; 49 ; 48 ; ; 2 ;;;;; 2 ; 2 ;;; 14 ; 15 ; 17 ; 14 ; 5 ; 11 ; 22 ; 27 ; 8 ; 9 
Gremio;Atletico Pr;2018;2;;; 54% ; 46% ; 10 ; 2 ;;; 1 ; ; 4 ; 3 ; 10 ; 3 ;;; 76 ; 57 ; 66 ; 41 ; 3 ; 1 ;;; ; 1 ; 3 ; 3 ;;; 9 ; 15 ; 16 ; 12 ; 8 ; 14 ; 14 ; 17 ; 7 ; 4 
Sport;Botafogo;2018;2; 1 ; 1 ; 54% ; 46% ; 11 ; 1 ;;;;; 4 ; 3 ; 4 ; 6 ;;; 64 ; 50 ; 38 ; 30 ; 2 ; ;;;;; 1 ; 3 ;;; 13 ; 14 ; 15 ; 16 ; 8 ; 9 ; 25 ; 19 ; 10 ; 7 
Botafogo;Gremio;2018;3; 2 ; 1 ; 58% ; 42% ; 6 ; 2 ;;; 1 ; ; 5 ; 2 ; 6 ; 4 ;;; 59 ; 56 ; 43 ; 41 ; ; 2 ;;;;; 1 ; 1 ;;; 14 ; 12 ; 14 ; 14 ; 7 ; 8 ; 17 ; 19 ; 10 ; 4 
Vitoria;Flamengo;2018;1; 2 ; 2 ; 63% ; 37% ; 3 ; 4 ;;;;; 2 ; ; 9 ; 3 ;;; 48 ; 38 ; 41 ; 30 ; 2 ; 2 ; 1 ; ;;; 3 ; 2 ; ; 1 ; 23 ; 9 ; 11 ; 25 ; 4 ; 11 ; 18 ; 19 ; 4 ; 5 
Chapecoense;Vasco;2018;2; 1 ; 1 ; 42% ; 58% ; 1 ; 7 ;;;;; 2 ; 1 ; 6 ; 6 ;;; 68 ; 76 ; 23 ; 39 ; 2 ; 2 ;;;;; 1 ; 2 ;;; 13 ; 8 ; 10 ; 15 ; 7 ; 12 ; 17 ; 19 ; 3 ; 3 
Palmeiras;Chapecoense;2018;3; ; ; 72% ; 28% ; 5 ; ;;; 1 ; ; 3 ; 1 ; 8 ; 5 ;;; 64 ; 31 ; 44 ; 17 ; 1 ; 2 ;;;;; 4 ; 6 ;;; 18 ; 15 ; 17 ; 19 ; 5 ; 13 ; 27 ; 14 ; 14 ; 1 
America Mineiro;Vitoria;2018;3; 2 ; 1 ; 41% ; 59% ; 8 ; 4 ;;; ; 1 ; 1 ; ; 4 ; 5 ;;; 61 ; 61 ; 40 ; 49 ; ; 3 ;;; 1 ; ; 2 ; 2 ;;; 14 ; 11 ; 14 ; 14 ; 10 ; 10 ; 16 ; 32 ; 8 ; 7 
Ceara;Flamengo;2018;3; ; 3 ; 45% ; 55% ; 1 ; 7 ;;;;; 2 ; 1 ; 4 ; 6 ;;; 41 ; 48 ; 30 ; 39 ; 1 ; 2 ;;;;; 1 ; 2 ;;; 17 ; 14 ; 16 ; 18 ; 9 ; 7 ; 18 ; 17 ; 2 ; 5 
Fluminense;Sao Paulo;2018;3; 1 ; 1 ; 57% ; 43% ; 3 ; 1 ;;; 1 ; 1 ; 2 ; 3 ; 4 ; 6 ;;; 56 ; 45 ; 32 ; 32 ; 2 ; ;;;;; 3 ; 2 ;;; 16 ; 16 ; 16 ; 19 ; 8 ; 6 ; 25 ; 26 ; 7 ; 8 
Bahia;Atletico Pr;2018;3;;; 43% ; 57% ; 8 ; 2 ;;; 1 ; 1 ; 2 ; 1 ; 10 ; 4 ;;; 47 ; 49 ; 38 ; 28 ; 2 ; 1 ;;;;; 2 ; 2 ;;; 23 ; 12 ; 13 ; 25 ; 7 ; 12 ; 13 ; 9 ; 8 ; 2 
Atletico Mg;Corinthians;2018;3; 1 ; ; 57% ; 43% ; 5 ; 2 ;;; 3 ; ; 6 ; 1 ; 5 ; 1 ;;; 70 ; 48 ; 52 ; 26 ; 2 ; ;;;;; 4 ; 3 ;;; 25 ; 14 ; 14 ; 27 ; 4 ; 10 ; 28 ; 25 ; 10 ; 
Parana Clube;Sport;2018;3; 1 ; 2 ; 67% ; 33% ; 11 ; 2 ;;;;; 4 ; 2 ; 7 ; 4 ;;; 66 ; 61 ; 45 ; 26 ; 2 ; 3 ;;;;; 1 ; 1 ;;; 14 ; 15 ; 18 ; 16 ; 6 ; 11 ; 35 ; 18 ; 8 ; 1 
Internacional;Cruzeiro;2018;3;;; 62% ; 38% ; 9 ; 1 ;;; 1 ; ; 1 ; 1 ; 10 ; 6 ;;; 68 ; 62 ; 54 ; 35 ; 4 ; ;;;;; 4 ; 3 ;;; 16 ; 15 ; 15 ; 20 ; 9 ; 10 ; 17 ; 11 ; 18 ; 4 
Cruzeiro;Botafogo;2018;4; 1 ; ; 53% ; 47% ; 6 ; 1 ;;; ; 1 ; 4 ; 1 ; 9 ; 4 ;;; 50 ; 46 ; 37 ; 22 ; 5 ; 1 ;;;;; 1 ; 4 ;;; 18 ; 12 ; 13 ; 24 ; 8 ; 11 ; 20 ; 12 ; 8 ; 6 
Vitoria;Fluminense;2018;4; 1 ; 2 ; 38% ; 62% ; 2 ; 4 ;;;;; 4 ; 2 ; 2 ; 7 ;;; 41 ; 47 ; 28 ; 39 ; 4 ; 1 ;;;;; 2 ; 1 ;;; 18 ; 7 ; 8 ; 22 ; 10 ; 4 ; 11 ; 25 ; 3 ; 9 
Vasco;America Mineiro;2018;4; 4 ; 1 ; 61% ; 39% ; 4 ; 2 ;;; 1 ; ; 5 ; 1 ; 5 ; 1 ;;; 63 ; 47 ; 43 ; 26 ; 4 ; ; ; 1 ;;; 4 ; 4 ;;; 14 ; 23 ; 23 ; 18 ; 2 ; 6 ; 28 ; 23 ; 3 ; 3 
Corinthians;Ceara;2018;4; 1 ; 1 ; 61% ; 39% ; 3 ; 2 ;;;;; 1 ; ; 7 ; 1 ;;; 94 ; 61 ; 52 ; 28 ; 2 ; 3 ;;;;; 2 ; 4 ;;; 11 ; 20 ; 23 ; 13 ; 1 ; 13 ; 24 ; 13 ; 12 ; 2 
Santos;Vasco;2018;3; 1 ; 1 ; 55% ; 45% ; 2 ; 2 ;;; 1 ; ; ; 2 ; 7 ; 7 ;;; 73 ; 61 ; 42 ; 35 ; 2 ; ;;; ; 1 ; 1 ; 3 ;;; 12 ; 16 ; 17 ; 14 ; 9 ; 9 ; 16 ; 25 ; 10 ; 6 
Sao Paulo;Atletico Mg;2018;4; 2 ; 2 ; 45% ; 55% ; ; 3 ;;;;; 1 ; 1 ; 3 ; 3 ;;; 61 ; 59 ; 44 ; 41 ; 1 ; 2 ;;;;; 4 ; 4 ;;; 17 ; 14 ; 16 ; 18 ; 11 ; 5 ; 16 ; 18 ; 6 ; 7 
Atletico Pr;Palmeiras;2018;4; 1 ; 3 ; 56% ; 44% ; 4 ; 2 ;;;;; 1 ; ; 4 ; 8 ;;; 63 ; 66 ; 44 ; 35 ; 3 ; 1 ;;;;; 1 ; 2 ;;; 10 ; 15 ; 16 ; 13 ; 8 ; 11 ; 21 ; 18 ; 3 ; 6 
Chapecoense;Parana Clube;2018;4; 1 ; 1 ; 45% ; 55% ; 1 ; 2 ;;;;; ; 1 ; 10 ; 13 ;;; 65 ; 79 ; 36 ; 49 ; ; 1 ;;;;; 1 ; 2 ; ; 1 ; 10 ; 16 ; 17 ; 10 ; 15 ; 12 ; 22 ; 42 ; 6 ; 4 
Chapecoense;Flamengo;2018;5; 3 ; 2 ; 45% ; 55% ; ; 3 ;;; 1 ; ; 1 ; 3 ; 4 ; 6 ;;; 64 ; 79 ; 21 ; 32 ; 1 ; 3 ; 1 ; ;;; 2 ; 3 ;;; 18 ; 17 ; 20 ; 19 ; 10 ; 8 ; 17 ; 21 ; 3 ; 7 
Gremio;Santos;2018;4; 5 ; 1 ; 62% ; 38% ; 3 ; 1 ;;; 1 ; ; 3 ; 2 ; 5 ; 3 ;;; 70 ; 34 ; 55 ; 24 ;;;;;;; 1 ; 3 ;;; 15 ; 22 ; 22 ; 15 ; 3 ; 9 ; 12 ; 18 ; 8 ; 1 
Sport;Bahia;2018;4; 2 ; ; 48% ; 52% ; 9 ; 3 ;;; ; 1 ; 1 ; 1 ; 7 ; 2 ;;; 49 ; 43 ; 33 ; 24 ; 1 ; ;;; ; 1 ; 1 ; 2 ;;; 17 ; 21 ; 21 ; 18 ; 7 ; 9 ; 20 ; 23 ; 9 ; 7 
Atletico Pr;Atletico Mg;2018;5; 1 ; 2 ; 60% ; 40% ; 7 ; 12 ;;; 1 ; 1 ; 3 ; ; 6 ; 8 ;;; 56 ; 51 ; 32 ; 37 ; 1 ; ;;;;; 2 ; 2 ;;; 15 ; 16 ; 16 ; 16 ; 9 ; 5 ; 19 ; 20 ; 6 ; 10 
Cruzeiro;Sport;2018;5; 2 ; ; 59% ; 41% ; 3 ; 6 ;;;;; 4 ; ; 7 ; 4 ;;; 55 ; 38 ; 37 ; 26 ; 4 ; 2 ;;;;; 2 ; 3 ;;; 16 ; 15 ; 18 ; 22 ; 5 ; 12 ; 12 ; 12 ; 7 ; 4 
Gremio;Internacional;2018;5;;; 71% ; 29% ; 1 ; 1 ;;;;;;; 13 ; 3 ;;; 80 ; 46 ; 62 ; 29 ;;;;;;; 3 ; 4 ;;; 13 ; 24 ; 24 ; 13 ; 5 ; 14 ; 18 ; 14 ; 11 ; 1 
Flamengo;Internacional;2018;4; 2 ; ; 56% ; 44% ; 6 ; 8 ;;;;; 1 ; 1 ; 5 ; 3 ;;; 55 ; 41 ; 37 ; 28 ; 1 ; ;;;;; 5 ; 4 ; ; 1 ; 10 ; 11 ; 13 ; 11 ; 5 ; 7 ; 22 ; 17 ; 6 ; 6 
Botafogo;Fluminense;2018;5; 2 ; 1 ; 39% ; 61% ; 4 ; 7 ;;;;; ; 2 ; 4 ; 10 ;;; 52 ; 62 ; 38 ; 48 ; 2 ; 1 ;;;;; 2 ; 2 ;;; 12 ; 12 ; 13 ; 14 ; 13 ; 9 ; 16 ; 19 ; 5 ; 9 
Santos;Parana Clube;2018;5; 3 ; 1 ; 55% ; 45% ; 2 ; 3 ;;;;; 1 ; 1 ; 2 ; 8 ;;; 76 ; 70 ; 41 ; 44 ; 3 ; ;;;;; 1 ; 2 ;;; 13 ; 15 ; 15 ; 16 ; 10 ; 7 ; 23 ; 22 ; 6 ; 5 
Atletico Mg;Cruzeiro;2018;6; 1 ; ; 60% ; 40% ; 6 ; 2 ;;;;; 1 ; ; 9 ; 9 ;;; 56 ; 45 ; 44 ; 28 ; ; 1 ;;; ; 1 ; 3 ; 2 ;;; 11 ; 15 ; 17 ; 12 ; 11 ; 13 ; 21 ; 25 ; 3 ; 6 
Vasco;Vitoria;2018;5; 2 ; 3 ; 65% ; 35% ; 7 ; 3 ;;; ; 1 ; 6 ; 2 ; 7 ; 2 ;;; 56 ; 45 ; 42 ; 23 ; 1 ; ; 2 ; ;;; 2 ; 3 ;;; 16 ; 18 ; 18 ; 17 ; 6 ; 10 ; 28 ; 21 ; 7 ; 2 
Bahia;Sao Paulo;2018;5; 2 ; 2 ; 46% ; 54% ; 3 ; 4 ;;; 1 ; ; 1 ; ; 3 ; 4 ;;; 54 ; 56 ; 33 ; 38 ; 1 ; ; 1 ; ;;; 5 ; 3 ;;; 19 ; 12 ; 12 ; 20 ; 6 ; 8 ; 23 ; 32 ; 3 ; 3 
Ceara;America Mineiro;2018;5; 2 ; 2 ; 60% ; 40% ; 8 ; 1 ;;;;; 4 ; 3 ; 8 ; 3 ;;; 71 ; 44 ; 49 ; 24 ; 2 ; 2 ; 1 ; ;;; 1 ; 3 ;;; 16 ; 18 ; 20 ; 18 ; 5 ; 13 ; 34 ; 19 ; 8 ; 2 
Corinthians;Palmeiras;2018;5; 1 ; ; 51% ; 49% ; 4 ; 4 ;;; ; 3 ; 1 ; ; 3 ; 1 ;;; 37 ; 49 ; 25 ; 29 ; ; 2 ;;;;; 2 ; 3 ;;; 15 ; 20 ; 22 ; 15 ; 7 ; 5 ; 30 ; 25 ; 10 ; 3 
Sport;Corinthians;2018;6; 1 ; 1 ; 46% ; 54% ; 5 ; 2 ;;;;; 1 ; ; 8 ; 3 ;;; 56 ; 51 ; 42 ; 31 ; 1 ; 2 ;;;;; 2 ; 3 ;;; 19 ; 14 ; 17 ; 20 ; 6 ; 10 ; 22 ; 21 ; 3 ; 5 
America Mineiro;Botafogo;2018;6; 1 ; ; 44% ; 56% ; 2 ; 1 ;;;;; 5 ; 1 ; 6 ; 7 ;;; 51 ; 55 ; 32 ; 29 ; 2 ; 5 ;;;;; 2 ; 4 ;;; 19 ; 10 ; 16 ; 21 ; 10 ; 10 ; 19 ; 26 ; 5 ; 2 
Sao Paulo;Santos;2018;6; 1 ; ; 43% ; 57% ; ; 3 ;;; 1 ; ; 1 ; 1 ; 10 ; 4 ;;; 72 ; 72 ; 54 ; 48 ; 2 ; 1 ;;; 1 ; ; 4 ; 2 ;;; 12 ; 6 ; 7 ; 15 ; 11 ; 12 ; 20 ; 36 ; 4 ; 2 
Vitoria;Ceara;2018;6; 2 ; 1 ; 47% ; 53% ; 2 ; 6 ;;;;; 3 ; 1 ; 6 ; 5 ;;; 50 ; 61 ; 39 ; 48 ; 1 ; 1 ; 1 ; ;;; 4 ; ;;; 10 ; 15 ; 17 ; 12 ; 10 ; 9 ; 15 ; 21 ; 7 ; 4 
Parana Clube;Gremio;2018;6; ; ; 31% ; 69% ; 1 ; 2 ;;;;; 1 ; ; 4 ; 5 ;;; 55 ; 63 ; 25 ; 48 ; ; 1 ;;;;; 2 ; 1 ;;; 16 ; 17 ; 19 ; 16 ; 8 ; 8 ; 22 ; 19 ; 1 ; 9 
Fluminense;Atletico Pr;2018;6; 2 ; ; 37% ; 63% ; 4 ; 3 ;;;;; 1 ; 4 ; 5 ; 9 ;;; 46 ; 78 ; 23 ; 48 ; 2 ; 1 ;;;;; 1 ; 2 ;;; 13 ; 16 ; 17 ; 15 ; 15 ; 5 ; 19 ; 15 ; 3 ; 6 
Palmeiras;Bahia;2018;6; 3 ; ; 54% ; 46% ; 3 ; 5 ;;; 1 ; 1 ; 2 ; 4 ; 4 ; 4 ;;; 58 ; 41 ; 41 ; 26 ; 4 ; 1 ;;;;; 3 ; 2 ;;; 16 ; 12 ; 13 ; 21 ; 5 ; 8 ; 23 ; 23 ; 5 ; 4 
Parana Clube;Atletico Pr;2018;7;;; 42% ; 58% ; 6 ; 2 ;;; 1 ; ; 4 ; ; 7 ; 5 ;;; 55 ; 59 ; 32 ; 39 ; 1 ; 1 ;;;;; 3 ; 1 ;;; 8 ; 14 ; 15 ; 9 ; 12 ; 7 ; 21 ; 25 ; 10 ; 4 
Botafogo;Vitoria;2018;7; 1 ; 1 ; 57% ; 43% ; 3 ; ;;;;; ; 1 ; 4 ; 2 ;;; 63 ; 59 ; 59 ; 44 ; 6 ; 2 ;;;;; 1 ; 4 ;;; 10 ; 18 ; 20 ; 16 ; 6 ; 8 ; 26 ; 23 ; 6 ; 1 
Fluminense;Chapecoense;2018;7; 3 ; 1 ; 40% ; 60% ; 1 ; 5 ;;; 1 ; 1 ; ; 3 ; 5 ; 5 ;;; 53 ; 64 ; 22 ; 38 ;;;;;;; 1 ; 1 ;;; 21 ; 14 ; 14 ; 21 ; 8 ; 8 ; 18 ; 30 ; 1 ; 6 
Atletico Mg;Flamengo;2018;7; ; 1 ; 68% ; 32% ; 5 ; 3 ;;; 2 ; ; 2 ; 1 ; 8 ; 3 ;;; 80 ; 60 ; 56 ; 34 ; ; 4 ;;;;; 1 ; 4 ;;; 15 ; 13 ; 17 ; 15 ; 4 ; 9 ; 31 ; 10 ; 14 ; 1 
Palmeiras;Sport;2018;7; 2 ; 3 ; 62% ; 38% ; 3 ; 6 ;;; 1 ; 1 ; 1 ; ; 6 ; 3 ;;; 69 ; 44 ; 51 ; 28 ; 4 ; ; 1 ; ; ; 1 ; 3 ; 3 ;;; 16 ; 9 ; 9 ; 20 ; 3 ; 14 ; 27 ; 18 ; 9 ; 3 
Internacional;Chapecoense;2018;6; 3 ; ; 52% ; 48% ; 3 ; 3 ;;; ; 1 ; 4 ; 1 ; 7 ; 5 ;;; 68 ; 63 ; 56 ; 41 ; 1 ; ;;;;; 1 ; 2 ;;; 15 ; 15 ; 15 ; 16 ; 8 ; 9 ; 18 ; 19 ; 2 ; 2 
Bahia;Vasco;2018;7; 3 ; ; 56% ; 44% ; 4 ; 1 ;;; 1 ; ; ; 3 ; 3 ; 1 ;;; 55 ; 52 ; 29 ; 26 ; 3 ; 2 ;;; ; 1 ; 1 ; 6 ;;; 19 ; 16 ; 18 ; 23 ; 5 ; 6 ; 16 ; 19 ; 4 ; 2 
Flamengo;Vasco;2018;6; 1 ; 1 ; 57% ; 43% ; 2 ; 7 ;;;;; 2 ; 1 ; 5 ; 7 ;;; 59 ; 45 ; 34 ; 27 ; 2 ; ;;;;; 2 ; 3 ; 2 ; 2 ; 15 ; 22 ; 23 ; 18 ; 7 ; 10 ; 23 ; 14 ; 6 ; 11 
America Mineiro;Sao Paulo;2018;7; 1 ; 3 ; 48% ; 52% ; 3 ; 3 ;;;;; 1 ; 2 ; 5 ; 6 ;;; 66 ; 62 ; 41 ; 36 ; 2 ; 4 ; ; 1 ;;; 4 ; 3 ;;; 21 ; 18 ; 23 ; 23 ; 7 ; 10 ; 23 ; 24 ; 9 ; 7 
Santos;Cruzeiro;2018;7; ; 1 ; 51% ; 49% ; 6 ; 4 ;;;;; 3 ; 1 ; 5 ; 7 ;;; 63 ; 58 ; 43 ; 38 ;;;;;;; 1 ; 3 ;;; 11 ; 12 ; 12 ; 11 ; 12 ; 8 ; 26 ; 22 ; 5 ; 7 
Vitoria;Internacional;2018;8; 2 ; 3 ; 50% ; 50% ; 5 ; 3 ;;;;; 6 ; 1 ; 10 ; 3 ;;; 46 ; 47 ; 37 ; 29 ; 2 ; 2 ; ; 1 ;;; 3 ; 2 ;;; 12 ; 12 ; 14 ; 15 ; 5 ; 13 ; 15 ; 27 ; 10 ; 4 
Ceara;Gremio;2018;7; ; 1 ; 41% ; 59% ; 2 ; 4 ;;; ; 1 ; 3 ; 1 ; 7 ; 3 ;;; 44 ; 71 ; 24 ; 49 ; 1 ; ; ; ;;; 4 ; 2 ;;; 15 ; 13 ; 13 ; 16 ; 4 ; 7 ; 11 ; 15 ; 6 ; 3 
Vasco;Parana Clube;2018;8; 1 ; ; 47% ; 53% ; 5 ; 4 ;;;;;;; 9 ; 4 ;;; 56 ; 49 ; 39 ; 26 ; ; 3 ; 1 ; ;;; 3 ; 3 ; 1 ; 1 ; 23 ; 18 ; 21 ; 23 ; 6 ; 11 ; 22 ; 15 ; 4 ; 2 
Internacional;Corinthians;2018;7; 2 ; 1 ; 59% ; 41% ; 7 ; 1 ;;;;; 3 ; ; 8 ; 2 ;;; 74 ; 44 ; 57 ; 30 ; 2 ; ;;;;; 3 ; 1 ;;; 13 ; 10 ; 10 ; 15 ; 3 ; 14 ; 22 ; 27 ; 12 ; 2 
Sport;Atletico Mg;2018;8; 3 ; 2 ; 46% ; 54% ; 4 ; 6 ;;;;; 2 ; 1 ; 4 ; 5 ;;; 61 ; 58 ; 44 ; 36 ; 3 ; 4 ; 1 ; ;;; 4 ; 2 ;;; 14 ; 9 ; 14 ; 17 ; 7 ; 9 ; 17 ; 18 ; 1 ; 3 
Atletico Mg;Chapecoense;2018;9; 3 ; 3 ; 61% ; 39% ; 3 ; ;;; ; 1 ; 3 ; ; 13 ; 3 ;;; 53 ; 41 ; 39 ; 17 ; ; 6 ; 1 ; 1 ; ; 1 ; 2 ; 4 ;;; 14 ; 15 ; 24 ; 14 ; 3 ; 14 ; 24 ; 22 ; 6 ; 3 
Gremio;Fluminense;2018;8; ; ; 65% ; 35% ; 9 ; 4 ;;;;; 2 ; 2 ; 8 ; ;;; 74 ; 47 ; 69 ; 28 ; 1 ; ;;;;; 1 ; 5 ;;; 20 ; 12 ; 13 ; 21 ; 3 ; 13 ; 21 ; 12 ; 8 ; 
Corinthians;America Mineiro;2018;8; 1 ; ; 54% ; 46% ; 3 ; 7 ;;;;; 4 ; ; 4 ; 5 ;;; 47 ; 37 ; 38 ; 19 ; 2 ; 1 ;;; ; 1 ; 2 ; 3 ;;; 13 ; 13 ; 14 ; 15 ; 8 ; 6 ; 25 ; 24 ; 1 ; 4 
Sao Paulo;Botafogo;2018;8; 3 ; 2 ; 47% ; 53% ; 3 ; 1 ;;; 2 ; 1 ; 1 ; ; 4 ; 7 ;;; 72 ; 82 ; 28 ; 46 ; 3 ; 1 ; 1 ; ;;; 2 ; 3 ;;; 19 ; 13 ; 16 ; 22 ; 12 ; 6 ; 23 ; 32 ; 3 ; 3 
Atletico Pr;Santos;2018;8; 2 ; ; 46% ; 54% ; 6 ; 4 ;;; 1 ; ; 3 ; 3 ; 4 ; 11 ;;; 60 ; 62 ; 34 ; 49 ; 2 ; 1 ;;;;; 1 ; 1 ;;; 14 ; 5 ; 6 ; 16 ; 16 ; 5 ; 21 ; 15 ; 4 ; 7 
Cruzeiro;Palmeiras;2018;8; 1 ; ; 46% ; 54% ; 3 ; 4 ;;;;; 3 ; 2 ; 4 ; ;;; 78 ; 80 ; 38 ; 30 ; 3 ; 1 ;;;;; 3 ; 6 ;;; 26 ; 18 ; 19 ; 29 ; 1 ; 2 ; 27 ; 21 ; 3 ; 3 
Flamengo;Bahia;2018;8; 2 ; ; 56% ; 44% ; 3 ; 7 ;;; 1 ; ; 5 ; 3 ; 5 ; 6 ;;; 53 ; 60 ; 33 ; 36 ; ; 2 ;;;;; ; 2 ;;; 8 ; 6 ; 8 ; 10 ; 9 ; 9 ; 18 ; 22 ; 4 ; 5 
Chapecoense;Ceara;2018;8; 2 ; ; 53% ; 47% ; 3 ; 4 ;;;;; 4 ; 1 ; 11 ; 4 ;;; 75 ; 56 ; 43 ; 22 ; 1 ; 1 ;;;;; 2 ; 3 ;;; 15 ; 14 ; 15 ; 17 ; 5 ; 16 ; 27 ; 25 ; 9 ; 2 
Vasco;Botafogo;2018;9; 1 ; 2 ; 65% ; 35% ; 5 ; 5 ;;;;; 2 ; 2 ; 8 ; 4 ;;; 87 ; 54 ; 64 ; 35 ;;;;;;; 2 ; 4 ;;; 12 ; 15 ; 15 ; 12 ; 3 ; 16 ; 29 ; 22 ; 4 ; 7 
Flamengo;Corinthians;2018;9; 1 ; ; 53% ; 47% ; 4 ; 3 ;;;;; 3 ; 3 ; 12 ; 9 ;;; 60 ; 42 ; 37 ; 35 ; 1 ; ;;;;; 3 ; 1 ;;; 15 ; 17 ; 18 ; 16 ; 7 ; 9 ; 22 ; 20 ; 8 ; 7 
America Mineiro;Atletico Pr;2018;9; 3 ; 1 ; 46% ; 54% ; 5 ; 1 ;;; ; 1 ; 7 ; 1 ; 7 ; 4 ;;; 42 ; 43 ; 24 ; 24 ; 1 ; 4 ;;;;; 1 ; 2 ;;; 9 ; 14 ; 19 ; 10 ; 8 ; 7 ; 18 ; 18 ; 9 ; 5 
Palmeiras;Sao Paulo;2018;9; 3 ; 1 ; 51% ; 49% ; 1 ; 3 ;;;;; 3 ; ; 2 ; 5 ;;; 43 ; 39 ; 32 ; 24 ; 2 ; ;;;;; 4 ; 4 ;;; 20 ; 23 ; 23 ; 23 ; 9 ; 2 ; 23 ; 34 ; 5 ; 9 
Santos;Vitoria;2018;9; 5 ; 2 ; 52% ; 48% ; 6 ; 3 ;;; 1 ; ; 4 ; 1 ; 5 ; 3 ;;; 75 ; 54 ; 38 ; 21 ; 5 ; ;;;;; ; 4 ;;; 11 ; 16 ; 17 ; 17 ; 2 ; 10 ; 14 ; 19 ; 8 ; 11 
Internacional;Sport;2018;9;;; 59% ; 41% ; 5 ; 4 ;;; 1 ; ; 4 ; ; 8 ; 5 ;;; 63 ; 60 ; 50 ; 41 ; 2 ; 1 ;;;;; 3 ; 3 ;;; 13 ; 15 ; 16 ; 15 ; 7 ; 17 ; 33 ; 24 ; 14 ; 3 
Bahia;Gremio;2018;9; ; 2 ; 59% ; 41% ; 2 ; 2 ;;;;; 1 ; ; 10 ; 4 ;;; 57 ; 40 ; 36 ; 21 ; ; 4 ; ; 1 ;;; 2 ; 5 ;;; 17 ; 16 ; 20 ; 17 ; 8 ; 13 ; 25 ; 15 ; 5 ; 1 
Parana Clube;Fluminense;2018;9; 2 ; 1 ; 46% ; 54% ; 4 ; 5 ;;; 1 ; ; 1 ; 3 ; 4 ; 3 ;;; 55 ; 60 ; 34 ; 43 ; 2 ; 3 ; 1 ; ;;; 6 ; 3 ;;; 14 ; 15 ; 18 ; 16 ; 4 ; 6 ; 21 ; 23 ; 4 ; 7 
Corinthians;Santos;2018;10; 1 ; 1 ; 47% ; 53% ; 6 ; 7 ;;;;; 1 ; 1 ; 6 ; 8 ;;; 47 ; 45 ; 40 ; 35 ; 2 ; 3 ;;;;; 2 ; 2 ;;; 11 ; 15 ; 18 ; 14 ; 13 ; 7 ; 13 ; 17 ; 8 ; 11 
Vitoria;Chapecoense;2018;10; 1 ; ; 50% ; 50% ; 5 ; 2 ;;;;; 3 ; 2 ; 5 ; 5 ;;; 48 ; 48 ; 36 ; 33 ; 2 ; 1 ;;;;; 3 ; 2 ;;; 17 ; 13 ; 16 ; 22 ; 7 ; 7 ; 23 ; 30 ; 3 ; 5 
Sport;Atletico Pr;2018;10; 1 ; ; 36% ; 64% ; 2 ; 4 ;;;;; ; 1 ; 8 ; 2 ;;; 70 ; 87 ; 30 ; 45 ; ; 2 ;;;;; 2 ; 4 ;;; 12 ; 18 ; 22 ; 12 ; 5 ; 12 ; 18 ; 24 ; 1 ; 6 
Botafogo;Ceara;2018;10; ; ; 57% ; 43% ; 5 ; 4 ;;;;; 4 ; ; 7 ; 4 ;;; 78 ; 70 ; 62 ; 54 ; 2 ; 2 ;;;;; ; 3 ;;; 16 ; 16 ; 19 ; 19 ; 9 ; 15 ; 21 ; 17 ; 4 ; 4 
Sao Paulo;Internacional;2018;10;;; 54% ; 46% ; 4 ; 4 ;;;;; 1 ; 2 ; 4 ; 7 ;;; 72 ; 62 ; 55 ; 38 ; ; 1 ;;;;; 4 ; 2 ;;; 29 ; 8 ; 9 ; 30 ; 9 ; 9 ; 30 ; 20 ; 6 ; 3 
Cruzeiro;Vasco;2018;10; 1 ; 1 ; 66% ; 34% ; 5 ; 1 ;;; ; 1 ; 3 ; 1 ; 13 ; 2 ;;; 58 ; 41 ; 43 ; 17 ; 1 ; 2 ;;;;; 1 ; 1 ;;; 7 ; 13 ; 16 ; 9 ; 6 ; 15 ; 22 ; 22 ; 12 ; 1 
Ceara;Cruzeiro;2018;9;;;;;;;;;;;;;;;;;;;;;;;;;;;;;;;;;;;;;;;;
America Mineiro;Atletico Mg;2018;10; 1 ; 3 ; 53% ; 47% ; 2 ; 2 ;;;;; 8 ; 1 ; 6 ; 3 ;;; 75 ; 66 ; 58 ; 35 ; 3 ; 1 ;;;;; 2 ; 2 ;;; 13 ; 7 ; 8 ; 16 ; 4 ; 9 ; 23 ; 15 ; 11 ; 6 
Chapecoense;Cruzeiro;2018;11;;; 53% ; 47% ; 1 ; 1 ;;;;;;; 2 ; 3 ;;; 30 ; 36 ; 19 ; 17 ; ; 1 ;;;;; ; 1 ;;; 11 ; 5 ; 7 ; 11 ; 4 ; 4 ; 18 ; 6 ; 2 ; 2 
Atletico Pr;Sao Paulo;2018;11; ; 1 ; 56% ; 44% ; 6 ; 2 ;;;;; 2 ; ; 5 ; 7 ;;; 56 ; 56 ; 36 ; 31 ; 1 ; 3 ; ; 1 ;;; 3 ; 3 ;;; 14 ; 18 ; 21 ; 15 ; 9 ; 7 ; 30 ; 23 ; 5 ; 3 
Parana Clube;Bahia;2018;10; 1 ; ; 46% ; 54% ; 1 ; 5 ;;; 1 ; ; 1 ; ; 7 ; 4 ;;; 62 ; 65 ; 33 ; 49 ; 1 ; 2 ;;;;; 4 ; 2 ;;; 16 ; 18 ; 20 ; 18 ; 6 ; 10 ; 24 ; 21 ; 3 ; 6 
Gremio;Palmeiras;2018;10; ; 2 ; 49% ; 51% ; 10 ; 2 ;;; 1 ; 2 ; 4 ; 2 ; 4 ; 3 ;;; 59 ; 63 ; 46 ; 43 ; ; 1 ;;;;; 1 ; 5 ;;; 13 ; 31 ; 32 ; 13 ; 4 ; 8 ; 9 ; 19 ; 5 ; 7 
Fluminense;Flamengo;2018;10; ; 2 ; 51% ; 49% ; 3 ; 5 ;;;;; ; 1 ; 5 ; 2 ;;; 70 ; 61 ; 44 ; 33 ; ; 1 ; ; 1 ;;; 5 ; 1 ;;; 13 ; 7 ; 8 ; 13 ; 3 ; 6 ; 19 ; 21 ; 10 ; 7 
Atletico Mg;Fluminense;2018;11; 5 ; 2 ; 48% ; 52% ; 4 ; 2 ;;; 2 ; 1 ; 1 ; 2 ; 4 ; 7 ;;; 54 ; 55 ; 36 ; 28 ; 3 ; ;;;;; 2 ; 2 ;;; 14 ; 10 ; 10 ; 18 ; 12 ; 5 ; 18 ; 16 ; 4 ; 7 
Bahia;Botafogo;2018;11; 3 ; 3 ; 63% ; 37% ; 8 ; 3 ;;;;; 4 ; 1 ; 4 ; 5 ;;; 65 ; 37 ; 47 ; 18 ; 3 ; ; 1 ; ;;; 4 ; 3 ; ; 1 ; 24 ; 8 ; 8 ; 27 ; 7 ; 11 ; 19 ; 14 ; 13 ; 1 
Ceara;Palmeiras;2018;11; 2 ; 2 ; 44% ; 56% ; 5 ; 2 ;;;;; 4 ; 2 ; 6 ; 3 ;;; 40 ; 55 ; 33 ; 31 ; 1 ; 2 ;;;;; 3 ; 2 ;;; 13 ; 11 ; 14 ; 15 ; 10 ; 10 ; 21 ; 19 ; 4 ; 4 
Gremio;America Mineiro;2018;11; 1 ; ; 61% ; 39% ; 5 ; 4 ;;; 1 ; ; 1 ; 1 ; 3 ; 6 ;;; 67 ; 55 ; 48 ; 37 ;;;;;;; 2 ; 3 ;;; 14 ; 11 ; 11 ; 14 ; 8 ; 7 ; 14 ; 26 ; 7 ; 4 
Flamengo;Parana Clube;2018;11; 2 ; ; 57% ; 43% ; 4 ; 1 ;;;;; 1 ; ; 4 ; 7 ;;; 41 ; 36 ; 30 ; 23 ; 1 ; 1 ;;;;; 2 ; ;;; 9 ; 8 ; 9 ; 10 ; 9 ; 8 ; 16 ; 8 ; 9 ; 5 
Sao Paulo;Vitoria;2018;12; 3 ; ; 57% ; 43% ; 2 ; 5 ;;;;; 1 ; 2 ; 8 ; 1 ;;; 63 ; 58 ; 45 ; 32 ; 5 ; 1 ;;; 1 ; ; 4 ; 2 ; ; 1 ; 25 ; 17 ; 18 ; 30 ; 4 ; 8 ; 19 ; 22 ; 6 ; 1 
America Mineiro;Chapecoense;2018;12;;; 52% ; 48% ; 3 ; 2 ;;;;; 3 ; 1 ; 7 ; 8 ;;; 51 ; 49 ; 33 ; 35 ; 2 ; 1 ;;;;; 5 ; ;;; 9 ; 13 ; 16 ; 15 ; 11 ; 11 ; 30 ; 20 ; 3 ; 8 
Vasco;Sport;2018;11; 3 ; 2 ; 41% ; 59% ; 4 ; 2 ;;;;; ; 3 ; 6 ; 5 ;;; 56 ; 77 ; 31 ; 35 ; 1 ; 4 ; 1 ; ;;; 3 ; 3 ;;; 27 ; 8 ; 13 ; 29 ; 11 ; 6 ; 14 ; 15 ; 1 ; 2 
Fluminense;Santos;2018;12; ; 1 ; 51% ; 49% ; 1 ; 1 ;;;;; 5 ; ; 5 ; 3 ;;; 42 ; 45 ; 28 ; 29 ; 1 ; 3 ;;;;; 2 ; 3 ;;; 16 ; 12 ; 15 ; 17 ; 8 ; 4 ; 20 ; 24 ; 2 ; 7 
Corinthians;Vitoria;2018;11;;; 59% ; 41% ; 3 ; 5 ;;;;; 7 ; 1 ; 7 ; 7 ;;; 66 ; 55 ; 45 ; 38 ; 4 ; ;;;;; 2 ; 2 ;;; 14 ; 18 ; 19 ; 18 ; 10 ; 8 ; 32 ; 15 ; 10 ; 6 
Santos;Internacional;2018;11; 1 ; 2 ; 58% ; 42% ; 3 ; 1 ;;; 1 ; ; 2 ; ; 6 ; 9 ;;; 81 ; 69 ; 39 ; 34 ; 1 ; 1 ; 1 ; 1 ;;; 3 ; 4 ; 1 ; ; 8 ; 18 ; 20 ; 10 ; 11 ; 12 ; 27 ; 12 ; 7 ; 2 
Ceara;Sport;2018;13; 1 ; ;;; 3 ; 4 ;;;;; 3 ; 1 ; 6 ; 3 ;;; 53 ; 66 ; 34 ; 44 ; ; 2 ;;;;;;;;; 16 ; 12 ; 14 ; 16 ; 8 ; 11 ; 17 ; 21 ; 6 ; 5 
Parana Clube;Cruzeiro;2018;12; 1 ; 1 ; 43% ; 57% ; 1 ; 2 ;;;;; 2 ; 2 ; 4 ; 4 ;;; 60 ; 69 ; 30 ; 45 ; 1 ; 4 ; ; 1 ;;; 8 ; 2 ;;; 21 ; 23 ; 27 ; 23 ; 12 ; 6 ; 25 ; 25 ; 3 ; 4 
Sport;Gremio;2018;12;;; 51% ; 49% ; 1 ; 3 ;;;;; 2 ; ; 4 ; 2 ;;; 98 ; 80 ; 45 ; 34 ; ; 3 ;;;;; 3 ; 2 ;;; 14 ; 13 ; 17 ; 15 ; 6 ; 9 ; 19 ; 19 ; 4 ; 2 
Palmeiras;Flamengo;2018;12; 1 ; 1 ; 53% ; 47% ; 4 ; 7 ;;; 1 ; ; 1 ; ; 8 ; 4 ;;; 51 ; 45 ; 28 ; 31 ;;;;;;; 4 ; 5 ; 2 ; 2 ; 21 ; 17 ; 18 ; 21 ; 8 ; 13 ; 29 ; 19 ; 4 ; 6 
Botafogo;Atletico Pr;2018;12; 2 ; ; 44% ; 56% ; 5 ; 3 ;;;;; 1 ; 7 ; 11 ; 11 ;;; 62 ; 61 ; 53 ; 51 ; ; 1 ; 1 ; ;;; ; 2 ;;; 10 ; 8 ; 9 ; 11 ; 12 ; 12 ; 13 ; 15 ; 8 ; 9 
Bahia;Corinthians;2018;12; 1 ; ; 48% ; 52% ; 11 ; 1 ;;; 1 ; ; 1 ; 3 ; 6 ; 7 ;;; 60 ; 57 ; 34 ; 28 ; 1 ; 2 ;;;;; 1 ; 1 ;;; 18 ; 10 ; 13 ; 20 ; 9 ; 11 ; 22 ; 23 ; 7 ; 8 
Internacional;Vasco;2018;12; 3 ; 1 ; 54% ; 46% ; 4 ; 5 ;;; 2 ; 1 ; ; 2 ; 5 ; 2 ;;; 78 ; 54 ; 57 ; 37 ; 3 ; ;;;;; 2 ; ;;; 13 ; 12 ; 12 ; 16 ; 4 ; 9 ; 26 ; 16 ; 4 ; 7 
Cruzeiro;America Mineiro;2018;13; 3 ; 1 ;;; 3 ; 1 ;;;;; 2 ; 1 ; 5 ; 5 ;;; 52 ; 41 ; 37 ; 17 ; 3 ; 1 ;;;;; 3 ; 1 ;;; 11 ; 7 ; 9 ; 14 ; 10 ; 6 ; 20 ; 16 ; 3 ; 5 
Corinthians;Botafogo;2018;13; 2 ; ;;; 1 ; 10 ;;;;; 2 ; 4 ; 3 ; 9 ;;; 55 ; 59 ; 26 ; 43 ; ; 1 ;;;;; 2 ; 3 ;;; 17 ; 12 ; 14 ; 19 ; 10 ; 6 ; 13 ; 42 ; 3 ; 10 
Vitoria;Parana Clube;2018;13; 1 ; ;;; 4 ; 2 ;;;;; 2 ; ; 6 ; 5 ;;; 44 ; 35 ; 32 ; 20 ; 1 ; 2 ;;;;; 2 ; 2 ;;; 21 ; 20 ; 25 ; 24 ; 5 ; 11 ; 22 ; 17 ; 5 ; 5 
Flamengo;Sao Paulo;2018;13; ; 1 ;;; 11 ; ;;; 1 ; ; 6 ; 1 ; 8 ; 9 ;;; 85 ; 48 ; 59 ; 29 ; ; 3 ;;; ; 1 ; 3 ; 4 ;;; 11 ; 14 ; 17 ; 11 ; 9 ; 9 ; 21 ; 16 ; 9 ; 5 
Gremio;Atletico Mg;2018;13; 2 ; ;;; 5 ; 1 ;;;;; 2 ; 1 ; 10 ; 1 ;;; 72 ; 48 ; 55 ; 30 ; 1 ; 1 ; 1 ; ;;; 1 ; 2 ;;; 10 ; 19 ; 20 ; 11 ; 2 ; 10 ; 19 ; 18 ; 5 ; 2 
Chapecoense;Bahia;2018;13; 1 ; 1 ;;; 2 ; 4 ;;;;; 1 ; 1 ; ; 4 ;;; 84 ; 82 ; 42 ; 46 ; 1 ; 1 ;;;;; 1 ; 2 ;;; 14 ; 19 ; 20 ; 15 ; 8 ; 7 ; 25 ; 33 ; 5 ; 3 
Atletico Mg;Ceara;2018;12; 2 ; 1 ; 63% ; 37% ; 3 ; 1 ;;; 1 ; 1 ; 5 ; 1 ; 9 ; 3 ;;; 82 ; 61 ; 60 ; 39 ; 2 ; 3 ;;;;; 1 ; ;;; 10 ; 10 ; 13 ; 12 ; 8 ; 17 ; 23 ; 12 ; 8 ; 5 
Parana Clube;America Mineiro;2018;14; 1 ; ;;; 5 ; 1 ;;;;; 2 ; 1 ; 4 ; 7 ;;; 72 ; 65 ; 39 ; 37 ; 4 ; 1 ;;;;; 3 ; 3 ;;; 23 ; 10 ; 11 ; 27 ; 10 ; 11 ; 32 ; 29 ; 3 ; 3 
Atletico Pr;Internacional;2018;13; 2 ; 2 ;;; 5 ; 1 ;;;;; 3 ; 2 ; 9 ; 7 ;;; 65 ; 66 ; 45 ; 35 ; 2 ; 1 ;;; 1 ; ; 4 ; 4 ;;; 11 ; 16 ; 17 ; 13 ; 7 ; 15 ; 14 ; 23 ; 4 ; 6 
Vasco;Fluminense;2018;13; 1 ; 1 ;;; 3 ; 8 ;;; ; 1 ; 3 ; 2 ; 8 ; ;;; 58 ; 48 ; 34 ; 31 ; 1 ; 1 ;;;;; 4 ; 2 ;;; 18 ; 21 ; 22 ; 19 ; 4 ; 10 ; 17 ; 20 ; 2 ; 4 
Santos;Palmeiras;2018;13; 1 ; 1 ;;; 5 ; 6 ;;; 1 ; 1 ; 2 ; 1 ; 9 ; 3 ;;; 56 ; 54 ; 45 ; 36 ; 1 ; ;;;;; 4 ; 5 ;;; 15 ; 15 ; 15 ; 16 ; 6 ; 15 ; 26 ; 21 ; 8 ; 2 
Bahia;Vitoria;2018;14; 4 ; 1 ;;; 3 ; 4 ;;;;; ; 2 ; 4 ; 3 ;;; 55 ; 43 ; 23 ; 18 ; 1 ; ; 1 ; ; ; 1 ; 3 ; 5 ;;; 17 ; 24 ; 24 ; 19 ; 4 ; 8 ; 26 ; 21 ; 5 ; 7 
Flamengo;Botafogo;2018;14; 2 ; ;;; 3 ; 5 ;;;;; 2 ; 3 ; 3 ; 11 ;;; 57 ; 65 ; 28 ; 41 ; ; 2 ;;;;; ; 1 ; ; 1 ; 15 ; 15 ; 17 ; 16 ; 10 ; 6 ; 21 ; 28 ; 1 ; 6 
Sao Paulo;Corinthians;2018;14; 3 ; 1 ;;; 5 ; 2 ;;; 1 ; ; ; 1 ; 6 ; 7 ;;; 63 ; 44 ; 37 ; 32 ; 2 ; ;;;;; 2 ; 7 ;;; 7 ; 19 ; 21 ; 10 ; 7 ; 7 ; 24 ; 21 ; 10 ; 7 
Cruzeiro;Atletico Pr;2018;14; 2 ; 1 ;;; 6 ; 1 ;;;;; 2 ; ; 8 ; 5 ;;; 57 ; 38 ; 37 ; 23 ; 1 ; ; ; 1 ;;; 1 ; 2 ; ; 1 ; 5 ; 13 ; 13 ; 6 ; 8 ; 10 ; 24 ; 21 ; 9 ; 3 
Internacional;Ceara;2018;14; 1 ; ;;; 3 ; 5 ;;; 1 ; ;;; 3 ; 4 ;;; 85 ; 61 ; 69 ; 41 ; 1 ; 1 ;;;;; 2 ; 3 ;;; 12 ; 14 ; 15 ; 13 ; 8 ; 12 ; 29 ; 19 ; 4 ; 
Sport;Fluminense;2018;14; 1 ; 2 ;;; 4 ; 3 ;;; 1 ; ; ; 1 ; 8 ; 6 ;;; 56 ; 40 ; 40 ; 31 ; ; 1 ;;;;; 1 ; 5 ;;; 11 ; 17 ; 18 ; 13 ; 9 ; 16 ; 29 ; 15 ; 11 ; 4 
Chapecoense;Santos;2018;14; ; ;;; 3 ; 2 ;;;;; 1 ; 3 ; 7 ; 6 ;;; 71 ; 57 ; 52 ; 29 ; 1 ; 2 ;;;;; 1 ; 4 ;;; 9 ; 11 ; 15 ; 11 ; 9 ; 12 ; 29 ; 23 ; 15 ; 3 
Atletico Mg;Parana Clube;2018;15; 2 ; ;;; 2 ; 8 ;;;;; 1 ; 6 ; 1 ; 6 ;;; 54 ; 52 ; 31 ; 35 ; 1 ; 1 ;;;;; 1 ; 1 ; 1 ; ; 14 ; 14 ; 16 ; 16 ; 9 ; 5 ; 19 ; 26 ; 5 ; 7 
Fluminense;Palmeiras;2018;15; 1 ; ;;; 1 ; 3 ;;;;; 1 ; 3 ; 5 ; 6 ;;; 65 ; 70 ; 33 ; 39 ; 1 ; 1 ;;;;; 2 ; 2 ; ; 1 ; 17 ; 15 ; 16 ; 19 ; 12 ; 6 ; 25 ; 24 ; 2 ; 3 
Palmeiras;Atletico Mg;2018;14; 3 ; 2 ;;; 1 ; 5 ;;; 1 ; ; ; 1 ; 5 ; 4 ;;; 48 ; 48 ; 32 ; 28 ; 4 ; 4 ;;;;; 2 ; 2 ;;; 20 ; 17 ; 22 ; 25 ; 2 ; 6 ; 18 ; 16 ; 2 ; 7 
Vasco;Gremio;2018;14; 1 ; ;;; 4 ; 8 ;;;;; ; 1 ; 3 ; 7 ;;; 33 ; 58 ; 22 ; 42 ; ; 2 ;;; 1 ; ; 5 ; 6 ;;; 12 ; 17 ; 19 ; 12 ; 13 ; 6 ; 15 ; 18 ; 8 ; 10 
Botafogo;Chapecoense;2018;15; 1 ; ;;; 5 ; 2 ;;;;; 3 ; 5 ; 2 ; 4 ;;; 67 ; 66 ; 55 ; 49 ; 1 ; 1 ;;;;; 2 ; 3 ;;; 19 ; 15 ; 17 ; 21 ; 8 ; 6 ; 18 ; 18 ; 6 ; 8 
Atletico Pr;Vasco;2018;15; 1 ; ; 55% ; 45% ; 4 ; 6 ;;; 1 ; ;;; 4 ; 10 ;;; 64 ; 72 ; 36 ; 26 ; 1 ; ;;;;; 1 ; 2 ;;; 15 ; 12 ; 14 ; 16 ; 12 ; 7 ; 24 ; 19 ; 8 ; 5 
Corinthians;Cruzeiro;2018;15; 2 ; ;;; 2 ; 5 ;;; 1 ; ; ; 1 ; 5 ; 6 ;;; 76 ; 93 ; 27 ; 38 ; 1 ; 2 ;;;;; ; 2 ;;; 7 ; 8 ; 13 ; 9 ; 9 ; 9 ; 22 ; 25 ; 3 ; 4 
Vitoria;Sport;2018;15; 1 ; ;;; 4 ; 3 ;;;;; 3 ; 3 ; 8 ; 6 ;;; 48 ; 49 ; 38 ; 35 ; 1 ; 1 ;;;;; 2 ; 2 ;;; 16 ; 13 ; 15 ; 18 ; 10 ; 7 ; 33 ; 30 ; 5 ; 7 
America Mineiro;Internacional;2018;15; 2 ; 1 ;;; 2 ; 5 ;;;;; ; 2 ; 2 ; 5 ;;; 51 ; 64 ; 22 ; 45 ; ; 3 ;;;;; 2 ; 2 ; 1 ; 1 ; 11 ; 9 ; 12 ; 12 ; 13 ; 3 ; 21 ; 19 ; 3 ; 11 
Gremio;Sao Paulo;2018;15; 2 ; 1 ;;; 2 ; 3 ;;;;; 2 ; 1 ; 5 ; 1 ;;; 68 ; 53 ; 51 ; 33 ; 2 ; ;;;;; 4 ; 5 ;;; 22 ; 19 ; 19 ; 25 ; 3 ; 6 ; 18 ; 19 ; 9 ; 3 
Santos;Flamengo;2018;15; 1 ; 1 ;;; 1 ; 4 ;;;;; 2 ; 3 ; 7 ; 6 ;;; 65 ; 58 ; 44 ; 42 ; 2 ; 1 ;;;;; 1 ; 1 ;;; 17 ; 13 ; 15 ; 19 ; 6 ; 8 ; 18 ; 22 ; 10 ; 8 
Vasco;Corinthians;2018;16; 1 ; 4 ;;; 3 ; 1 ;;; ; 1 ; ; 3 ; 7 ; ;;; 68 ; 61 ; 44 ; 33 ; ; 3 ; 1 ; 1 ;;; 4 ; ;;; 16 ; 9 ; 12 ; 16 ; 6 ; 9 ; 19 ; 29 ; 5 ; 2 
Flamengo;Sport;2018;16; 4 ; 1 ;;; 4 ; 2 ;;;;; 3 ; ; 11 ; 4 ;;; 67 ; 49 ; 46 ; 31 ; 1 ; 2 ;;;;; 1 ; 1 ;;; 11 ; 10 ; 12 ; 13 ; 8 ; 12 ; 7 ; 26 ; 8 ; 2 
Atletico Pr;Vitoria;2018;16; 4 ; ;;; 4 ; 4 ;;;;;;; 5 ; 5 ;;; 76 ; 53 ; 34 ; 25 ; 1 ; 1 ;;;;; 3 ; 5 ;;; 20 ; 15 ; 18 ; 21 ; 12 ; 8 ; 19 ; 10 ; 6 ; 1 
Palmeiras;Parana Clube;2018;16; 3 ; ;;; 7 ; 1 ;;; ; 1 ; 3 ; ; 6 ; 3 ;;; 62 ; 44 ; 47 ; 18 ; 2 ; 3 ;;;;; 2 ; 2 ;;; 19 ; 14 ; 17 ; 22 ; 2 ; 8 ; 21 ; 20 ; 8 ; 4 
Ceara;Fluminense;2018;16; 1 ; ;;; 3 ; 2 ;;; 1 ; ; 3 ; ; 5 ; 7 ;;; 59 ; 58 ; 41 ; 32 ; 3 ; ;;;;; 6 ; 1 ;;; 22 ; 12 ; 13 ; 25 ; 10 ; 11 ; 24 ; 18 ; 9 ; 3 
Cruzeiro;Sao Paulo;2018;16; ; 2 ;;; 4 ; 1 ;;; ; ; 5 ; 3 ; 7 ; 1 ;;; 63 ; 47 ; 51 ; 23 ; 3 ; 2 ; 1 ; ;;; 2 ; 1 ;;; 11 ; 10 ; 12 ; 14 ; 6 ; 12 ; 31 ; 18 ; 4 ; 2 
Ceara;Bahia;2018;15; ; 2 ; 61% ; 39% ; 7 ; 2 ;;;;; 4 ; 1 ; 9 ; 1 ;;; 74 ; 44 ; 52 ; 22 ; ; 1 ;;;;; 3 ; 4 ;;; 16 ; 25 ; 26 ; 16 ; 4 ; 17 ; 30 ; 19 ; 11 ; 2 
Gremio;Flamengo;2018;17; 2 ; ; 39% ; 61% ; 2 ; 2 ;;; ; 1 ; 3 ; 3 ; 2 ; 2 ;;; 50 ; 65 ; 39 ; 44 ; 1 ; 2 ; 1 ; ;;; 3 ; 4 ;;; 21 ; 16 ; 18 ; 22 ; 5 ; 5 ; 22 ; 20 ; 3 ; 1 
Santos;America Mineiro;2018;16; ; 1 ;;; 4 ; ;;; 2 ; ; 8 ; 2 ; 15 ; ;;; 97 ; 46 ; 63 ; 22 ; 2 ; 1 ; ; 1 ;;; 2 ; 2 ;;; 7 ; 13 ; 14 ; 9 ; 1 ; 19 ; 31 ; 24 ; 14 ; 2 
Botafogo;Santos;2018;17; ; ; 51% ; 49% ; 4 ; 5 ;;; ; 1 ; 3 ; 1 ; 10 ; 3 ;;; 77 ; 72 ; 63 ; 49 ; 2 ; 4 ;;;;; 1 ; 5 ;;; 11 ; 18 ; 23 ; 13 ; 6 ; 12 ; 24 ; 28 ; 5 ; 2 
Bahia;Atletico Mg;2018;16; 2 ; 2 ; 61% ; 39% ; 8 ; 2 ;;;;; 7 ; 1 ; 7 ; 2 ;;; 68 ; 45 ; 54 ; 32 ; 1 ; 3 ;;;;; 4 ; 2 ;;; 13 ; 18 ; 21 ; 15 ; 4 ; 11 ; 39 ; 11 ; 6 ; 3 
Chapecoense;Gremio;2018;16; 1 ; 1 ;;; 3 ; 3 ;;;;; 1 ; 1 ; 10 ; 3 ;;; 78 ; 58 ; 37 ; 26 ; 1 ; 1 ;;;;; 1 ; 3 ;;; 12 ; 14 ; 16 ; 13 ; 5 ; 15 ; 37 ; 25 ; 10 ; 3 
Corinthians;Atletico Pr;2018;17;;; 53% ; 47% ; 5 ; 7 ;;;;; 3 ; 6 ; 4 ; 2 ;;; 76 ; 71 ; 55 ; 56 ; 1 ; 6 ;;;;; 2 ; 2 ;;; 7 ; 14 ; 20 ; 8 ; 6 ; 4 ; 19 ; 29 ; 2 ; 9 
Internacional;Botafogo;2018;16; 3 ; ;;; 6 ; 3 ;;; 1 ; ; ; 1 ; 3 ; 3 ;;; 68 ; 71 ; 46 ; 44 ;;;;;;; 1 ; 2 ;;; 13 ; 14 ; 14 ; 13 ; 9 ; 6 ; 24 ; 17 ; 5 ; 4 
Sport;Chapecoense;2018;17; 1 ; 1 ; 64% ; 36% ; 4 ; 3 ;;;;; 4 ; 1 ; 11 ; 3 ;;; 64 ; 51 ; 48 ; 25 ; 1 ; 2 ;;;;; 1 ; 1 ;;; 14 ; 20 ; 22 ; 15 ; 4 ; 12 ; 36 ; 19 ; 8 ; 5 
America Mineiro;Palmeiras;2018;17;;; 51% ; 49% ; 4 ; 5 ;;; 1 ; ; 1 ; 5 ; 2 ; 3 ;;; 52 ; 58 ; 18 ; 31 ;;; ; 1 ;;; 1 ; 2 ;;; 14 ; 17 ; 18 ; 15 ; 13 ; 4 ; 21 ; 24 ; 2 ; 9 
Fluminense;Bahia;2018;17; 1 ; 1 ; 50% ; 50% ; 2 ; 1 ;;;;; 3 ; ; 4 ; 6 ;;; 61 ; 73 ; 36 ; 39 ; 1 ; ;;;;; 4 ; 2 ;;; 11 ; 18 ; 18 ; 12 ; 11 ; 6 ; 24 ; 20 ; 6 ; 8 
Atletico Mg;Internacional;2018;17;;; 56% ; 44% ; 3 ; 2 ;;;;; 1 ; 2 ; 4 ; 2 ;;; 40 ; 33 ; 23 ; 17 ; 1 ; 2 ;;;;; 1 ; 1 ;;; 9 ; 11 ; 15 ; 11 ; 3 ; 8 ; 25 ; 27 ; 5 ; 2 
Sao Paulo;Vasco;2018;17; 2 ; 1 ; 48% ; 52% ; 2 ; 2 ;;;;; ; 1 ; 6 ; 5 ;;; 65 ; 71 ; 47 ; 39 ; 1 ; 3 ;;;;; 2 ; 2 ;;; 27 ; 9 ; 12 ; 28 ; 10 ; 10 ; 30 ; 25 ; 5 ; 2 
Vitoria;Cruzeiro;2018;17; 1 ; 1 ; 56% ; 44% ; 6 ; 4 ;;; ; 2 ; 2 ; 1 ; 6 ; 5 ;;; 47 ; 40 ; 29 ; 29 ; ; 1 ; 1 ; ;;; 3 ; 5 ;;; 16 ; 18 ; 19 ; 18 ; 4 ; 8 ; 28 ; 31 ; 8 ; 8 
Parana Clube;Ceara;2018;17; ; 1 ; 66% ; 34% ; 9 ; ;;;;; 2 ; ; 11 ; 3 ;;; 71 ; 65 ; 48 ; 32 ; ; 5 ;;;;; 4 ; 2 ;;; 14 ; 22 ; 27 ; 15 ; 6 ; 14 ; 27 ; 14 ; 13 ; 2 
Chapecoense;Corinthians;2018;18; 2 ; 1 ; 45% ; 55% ; 3 ; 4 ;;; ; 1 ; 2 ; 1 ; 7 ; 4 ;;; 67 ; 74 ; 42 ; 41 ; 1 ; 1 ;;;;; 1 ; 2 ;;; 18 ; 19 ; 21 ; 19 ; 8 ; 13 ; 28 ; 23 ; 7 ; 5 
Bahia;America Mineiro;2018;18; 1 ; ; 55% ; 45% ; 5 ; 2 ;;;;; 2 ; ; 6 ; 2 ;;; 55 ; 51 ; 35 ; 23 ; 2 ; 1 ;;;;; 1 ; 4 ;;; 10 ; 12 ; 14 ; 13 ; 4 ; 3 ; 21 ; 25 ; 9 ; 2 
Parana Clube;Botafogo;2018;18; 1 ; 1 ; 51% ; 49% ; 1 ; 4 ;;;;; 3 ; 4 ; 11 ; 6 ;;; 64 ; 47 ; 51 ; 29 ; 2 ; 2 ; ; 1 ;;; 3 ; 4 ; 1 ; 1 ; 10 ; 11 ; 13 ; 12 ; 9 ; 20 ; 22 ; 18 ; 4 ; 4 
Atletico Mg;Santos;2018;18; 3 ; 1 ; 42% ; 58% ; 2 ; 3 ;;; 1 ; ; 3 ; 1 ; 5 ; 3 ;;; 43 ; 43 ; 26 ; 21 ; 1 ; 1 ;;;;; 2 ; ;;; 17 ; 8 ; 9 ; 18 ; 6 ; 8 ; 26 ; 26 ; 3 ; 4 
Sport;Sao Paulo;2018;18; 1 ; 3 ; 48% ; 52% ; 6 ; 4 ;;;;; 2 ; 2 ; 7 ; 6 ;;; 51 ; 48 ; 38 ; 34 ; ; 1 ;;;;; 1 ; 3 ;;; 6 ; 12 ; 16 ; 7 ; 9 ; 10 ; 16 ; 19 ; 2 ; 3 
Flamengo;Cruzeiro;2018;18; 1 ; ; 53% ; 47% ; 3 ; 3 ;;;;; 1 ; 1 ; 4 ; 4 ;;; 52 ; 49 ; 29 ; 24 ; 2 ; 2 ;;;;; 3 ; 3 ;;; 25 ; 18 ; 20 ; 28 ; 3 ; 7 ; 19 ; 29 ; 5 ; 2 
Ceara;Atletico Pr;2018;18;;; 49% ; 51% ; 5 ; 2 ;;;;; 2 ; ; 7 ; 9 ;;; 60 ; 60 ; 43 ; 35 ;;;;;;; 3 ; 3 ;;; 13 ; 15 ; 15 ; 15 ; 15 ; 11 ; 22 ; 13 ; 3 ; 9 
Santos;Sport;2018;19; 3 ; ; 48% ; 52% ; 3 ; 5 ;;;;; 1 ; 1 ; 4 ; 6 ;;; 75 ; 73 ; 57 ; 49 ; 5 ; 2 ;;; ; 1 ; 3 ; 3 ;;; 19 ; 18 ; 21 ; 25 ; 10 ; 9 ; 30 ; 22 ; 4 ; 4 
Corinthians;Gremio;2018;19; ; 1 ; 54% ; 46% ; 3 ; 8 ;;;;; 2 ; 1 ; 3 ; 1 ;;; 72 ; 74 ; 47 ; 53 ; ; 3 ;;;;; 1 ; 1 ;;; 8 ; 8 ; 11 ; 8 ; 4 ; 8 ; 18 ; 26 ; 5 ; 7 
Gremio;Vitoria;2018;18; 4 ; ; 52% ; 48% ; 3 ; 4 ;;;;; 1 ; 2 ; 6 ; 7 ;;; 60 ; 50 ; 48 ; 34 ; 1 ; ;;;;; 1 ; 3 ;;; 17 ; 19 ; 19 ; 20 ; 10 ; 9 ; 11 ; 10 ; 1 ; 1 
Atletico Pr;Flamengo;2018;19; 3 ; ; 38% ; 62% ; 5 ; 9 ;;; 2 ; ; 2 ; 2 ; 2 ; 7 ;;; 56 ; 65 ; 32 ; 49 ; 3 ; 1 ;;;;; 3 ; 1 ;;; 15 ; 12 ; 13 ; 18 ; 10 ; 6 ; 27 ; 23 ; 5 ; 5 
Fluminense;Internacional;2018;18; ; 3 ; 57% ; 43% ; 4 ; 4 ;;; 2 ; ; 8 ; ; 7 ; 4 ;;; 81 ; 73 ; 47 ; 42 ;;;;;;; 3 ; 3 ;;; 8 ; 17 ; 17 ; 8 ; 6 ; 8 ; 23 ; 23 ; 7 ; 7 
Internacional;Parana Clube;2018;19; 1 ; ; 70% ; 30% ; 7 ; 2 ;;;;; 2 ; ; 6 ; 7 ;;; 67 ; 44 ; 60 ; 28 ; 1 ; ;;;;; 3 ; 5 ;;; 16 ; 16 ; 16 ; 17 ; 10 ; 16 ; 23 ; 18 ; 15 ; 3 
Vitoria;Palmeiras;2018;19; ; 3 ; 51% ; 49% ; 2 ; 7 ;;; ; 1 ; 1 ; 4 ; 5 ; 7 ;;; 60 ; 58 ; 32 ; 28 ;;;;;;; 2 ; 1 ;;; 23 ; 18 ; 18 ; 25 ; 10 ; 6 ; 28 ; 21 ; 3 ; 3 
Botafogo;Atletico Mg;2018;19; ; 3 ; 54% ; 46% ; 4 ; 4 ;;;;; 2 ; 2 ; 4 ; 8 ;;; 79 ; 64 ; 71 ; 54 ; 2 ; 2 ;;;;; 2 ; 4 ;;; 12 ; 10 ; 13 ; 15 ; 9 ; 8 ; 24 ; 20 ; 4 ; 3 
America Mineiro;Fluminense;2018;19;;; 52% ; 48% ; 1 ; 4 ;;;;; 1 ; 2 ; 7 ; 4 ;;; 76 ; 76 ; 47 ; 36 ; 1 ; ;;;;; 2 ; ; 1 ; ; 12 ; 8 ; 8 ; 14 ; 7 ; 11 ; 26 ; 19 ; 4 ; 4 
Sao Paulo;Chapecoense;2018;19; 2 ; ; 44% ; 56% ; 1 ; 2 ;;;;; 1 ; ; 2 ; 3 ;;; 71 ; 74 ; 44 ; 52 ; 1 ; 1 ;;;;; 2 ; 1 ;;; 16 ; 20 ; 21 ; 17 ; 5 ; 4 ; 31 ; 27 ; 2 ; 6 
Vasco;Ceara;2018;19; 1 ; 1 ; 58% ; 42% ; 7 ; 3 ;;;;; 1 ; 1 ; 6 ; 7 ;;; 55 ; 48 ; 32 ; 30 ; ; 1 ;;; ; 1 ; 1 ; 1 ;;; 15 ; 21 ; 22 ; 16 ; 6 ; 10 ; 17 ; 19 ; 4 ; 6 
Ceara;Santos;2018;20; 1 ; 1 ; 52% ; 48% ; 8 ; 2 ;;; 1 ; ; 2 ; 2 ; 11 ; 3 ;;; 71 ; 70 ; 49 ; 38 ; 1 ; 2 ;;;;; 3 ; 2 ;;; 11 ; 13 ; 15 ; 12 ; 9 ; 16 ; 30 ; 28 ; 8 ; 3 
Palmeiras;Vasco;2018;18; 1 ; ; 54% ; 46% ; 5 ; 2 ;;; 1 ; ; ; 1 ; 6 ; 7 ;;; 85 ; 70 ; 55 ; 26 ; 3 ; 2 ;;;;; 1 ; 2 ;;; 16 ; 16 ; 18 ; 20 ; 8 ; 10 ; 19 ; 23 ; 5 ; 3 
Cruzeiro;Bahia;2018;19; 1 ; 1 ; 51% ; 49% ; 1 ; ;;;;; 2 ; 3 ; 7 ; 5 ;;; 90 ; 98 ; 53 ; 40 ; 2 ; 2 ;;;;; 2 ; 2 ;;; 15 ; 13 ; 15 ; 17 ; 8 ; 14 ; 25 ; 14 ; 3 ; 5 
Fluminense;Corinthians;2018;20; 1 ; ; 50% ; 50% ; 3 ; 1 ;;;;; 2 ; 1 ; 8 ; 2 ;;; 87 ; 51 ; 52 ; 27 ; 4 ; ;;;;; 1 ; 2 ; ; 1 ; 13 ; 7 ; 8 ; 18 ; 5 ; 11 ; 24 ; 23 ; 8 ; 3 
Sport;America Mineiro;2018;20; ; 2 ; 62% ; 38% ; 7 ; 2 ;;; 1 ; ; 2 ; ; 6 ; 2 ;;; 63 ; 47 ; 39 ; 26 ; 3 ; 2 ;;;;; 2 ; 2 ;;; 9 ; 21 ; 23 ; 12 ; 5 ; 11 ; 32 ; 25 ; 4 ; 4 
Palmeiras;Botafogo;2018;20; 2 ; ; 65% ; 35% ; 4 ; 4 ;;; 1 ; ; 2 ; 1 ; 9 ; 5 ;;; 64 ; 49 ; 48 ; 25 ; 3 ; ; 1 ; ; ; 1 ; 2 ; 5 ;;; 13 ; 15 ; 16 ; 16 ; 6 ; 11 ; 27 ; 21 ; 11 ; 3 
Atletico Mg;Vasco;2018;20;;; 68% ; 32% ; 4 ; 3 ;;; 1 ; 1 ; 5 ; 1 ; 12 ; 5 ;;; 62 ; 30 ; 40 ; 18 ;;;;;;; 2 ; 4 ;;; 14 ; 14 ; 15 ; 16 ; 5 ; 16 ; 35 ; 17 ; 12 ; 1 
Bahia;Internacional;2018;20; ; 1 ; 60% ; 40% ; 2 ; 4 ;;;;; 4 ; 2 ; 11 ; 7 ;;; 66 ; 38 ; 50 ; 20 ; ; 1 ;;;;; 1 ; 2 ;;; 15 ; 18 ; 19 ; 15 ; 6 ; 14 ; 28 ; 20 ; 3 ; 5 
Parana Clube;Sao Paulo;2018;20; 1 ; 1 ; 46% ; 54% ; 2 ; 3 ;;;;; 3 ; 1 ; 11 ; 8 ;;; 69 ; 71 ; 45 ; 41 ; 2 ; 3 ;;;;; 3 ; 1 ;;; 14 ; 12 ; 15 ; 16 ; 10 ; 17 ; 20 ; 24 ; 4 ; 9 
Gremio;Cruzeiro;2018;20; 1 ; 1 ; 70% ; 30% ; 4 ; 4 ;;;;; ; 1 ; 4 ; 1 ;;; 78 ; 40 ; 63 ; 27 ;;; 1 ; ;;; 2 ; 4 ;;; 12 ; 15 ; 15 ; 13 ; 4 ; 11 ; 23 ; 6 ; 6 ; 2 
Flamengo;Vitoria;2018;20; 1 ; ; 65% ; 35% ; 5 ; 1 ;;; 1 ; ; 3 ; 1 ; 5 ; 2 ;;; 56 ; 48 ; 40 ; 26 ; 1 ; 1 ;;;;; 2 ; 2 ;;; 18 ; 17 ; 19 ; 19 ; 8 ; 6 ; 20 ; 21 ; 7 ; 4 
Chapecoense;Atletico Pr;2018;20; 2 ; 1 ; 52% ; 48% ; 3 ; 4 ;;;;; 1 ; ; 8 ; 6 ;;; 70 ; 64 ; 44 ; 32 ; 1 ; ;;;;; 1 ; 3 ;;; 19 ; 18 ; 18 ; 21 ; 11 ; 11 ; 33 ; 28 ; 8 ; 4 
Santos;Bahia;2018;21; 2 ; ; 46% ; 54% ; 1 ; 3 ;;;;; 1 ; 2 ; 1 ; 5 ;;; 61 ; 74 ; 31 ; 31 ; 2 ; 2 ;;;;; 1 ; 2 ;;; 25 ; 17 ; 20 ; 27 ; 9 ; 7 ; 22 ; 30 ; 6 ; 4 
Cruzeiro;Fluminense;2018;21; 2 ; 1 ; 47% ; 53% ; 2 ; 3 ;;;;; 2 ; 2 ; 5 ; 2 ;;; 60 ; 48 ; 36 ; 22 ; 1 ; ;;;;; 4 ; 3 ;;; 18 ; 13 ; 14 ; 19 ; 2 ; 10 ; 17 ; 21 ; 6 ; 5 
Botafogo;Sport;2018;21; 2 ; ; 46% ; 54% ; 5 ; 2 ;;;;; 1 ; 2 ; 11 ; 5 ;;; 74 ; 80 ; 49 ; 64 ; 4 ; ;;;;; 1 ; 2 ;;; 19 ; 11 ; 12 ; 25 ; 10 ; 8 ; 33 ; 21 ; 9 ; 2 
Atletico Pr;Gremio;2018;21; 2 ; 1 ; 53% ; 47% ; 5 ; 1 ;;; ; 1 ; 4 ; 2 ; 5 ; 2 ;;; 57 ; 53 ; 33 ; 28 ; 1 ; 2 ; ; 1 ;;; 2 ; 2 ;;; 18 ; 17 ; 19 ; 19 ; 5 ; 7 ; 20 ; 27 ; 8 ; 1 
Sao Paulo;Ceara;2018;21; 1 ; ; 59% ; 41% ; 5 ; 3 ;;;;; 4 ; 1 ; 9 ; 2 ;;; 70 ; 45 ; 38 ; 19 ; ; 2 ;;;;; 3 ; 6 ; ; 1 ; 11 ; 20 ; 23 ; 12 ; 9 ; 15 ; 8 ; 26 ; 8 ; 5 
Corinthians;Parana Clube;2018;21; 1 ; ; 51% ; 49% ; 6 ; 4 ;;; 2 ; ; 1 ; 3 ; 7 ; 6 ;;; 76 ; 64 ; 50 ; 42 ; 2 ; ;;; ; 1 ; 3 ; 4 ;;; 16 ; 17 ; 20 ; 19 ; 9 ; 9 ; 35 ; 26 ; 8 ; 7 
Vitoria;America Mineiro;2018;22; 1 ; ; 55% ; 45% ; 9 ; 4 ;;; 1 ; ; 6 ; ; 5 ; 1 ;;; 60 ; 52 ; 45 ; 34 ; 1 ; 3 ;;;;; 5 ; 1 ; ; 1 ; 20 ; 10 ; 13 ; 21 ; 4 ; 10 ; 14 ; 33 ; 5 ; 3 
Vasco;Santos;2018;22; ; 3 ; 60% ; 40% ; 3 ; 1 ;;; ; 1 ; 4 ; ; 11 ; 5 ;;; 68 ; 43 ; 41 ; 23 ; 1 ; ;;;;; 1 ; 1 ;;; 12 ; 11 ; 11 ; 13 ; 8 ; 9 ; 22 ; 19 ; 8 ; 3 
Gremio;Botafogo;2018;22; 4 ; ; 57% ; 43% ; 4 ; 2 ;;; 2 ; ; 2 ; 3 ; 1 ; 4 ;;; 69 ; 53 ; 47 ; 40 ; 1 ; ; 2 ; ;;; 2 ; 3 ;;; 12 ; 17 ; 17 ; 13 ; 3 ; 6 ; 14 ; 25 ; 5 ; 6 
Corinthians;Atletico Mg;2018;22; 1 ; 1 ; 57% ; 43% ; 1 ; 1 ;;; ; 1 ; 1 ; 1 ; 3 ; 4 ;;; 67 ; 53 ; 45 ; 33 ; ; 2 ; ; 1 ;;; 1 ; 3 ;;; 15 ; 21 ; 23 ; 15 ; 7 ; 8 ; 35 ; 36 ; 6 ; 3 
Vitoria;Atletico Mg;2018;21; 1 ; ; 43% ; 57% ; 4 ; 6 ;;; 1 ; ; 3 ; ; 8 ; 12 ;;; 46 ; 60 ; 33 ; 42 ; 5 ; 3 ;;;;; 2 ; 3 ;;; 16 ; 12 ; 15 ; 22 ; 14 ; 9 ; 18 ; 31 ; 6 ; 4 
Vasco;Chapecoense;2018;21; 3 ; 1 ; 52% ; 48% ; 3 ; 3 ;;;;;;; 5 ; 4 ;;; 59 ; 58 ; 33 ; 35 ; ; 1 ;;;;; 3 ; 2 ;;; 18 ; 20 ; 21 ; 18 ; 8 ; 5 ; 26 ; 26 ; 6 ; 4 
Internacional;Palmeiras;2018;21;;; 57% ; 43% ; 7 ; 3 ;;;;; 3 ; 2 ; 3 ; 12 ;;; 62 ; 71 ; 40 ; 58 ; 1 ; 1 ;;;;; 2 ; 3 ;;; 14 ; 23 ; 25 ; 15 ; 12 ; 8 ; 25 ; 21 ; 5 ; 4 
America Mineiro;Flamengo;2018;21; 2 ; 2 ; 48% ; 52% ; ; 4 ;;; 1 ; ; ; 1 ; 9 ; 4 ;;; 60 ; 47 ; 31 ; 27 ;;;;;;; 3 ; 2 ; ; 1 ; 11 ; 9 ; 9 ; 11 ; 9 ; 17 ; 35 ; 21 ; 3 ; 6 
Atletico Pr;Bahia;2018;22; 2 ; ; 58% ; 42% ; 9 ; 4 ;;;;; 5 ; ; 8 ; 3 ;;; 55 ; 58 ; 45 ; 28 ; 3 ; 1 ;;;;; 2 ; 2 ;;; 13 ; 9 ; 10 ; 16 ; 4 ; 12 ; 35 ; 21 ; 4 ; 2 
Sport;Parana Clube;2018;22; 1 ; ; 52% ; 48% ; 6 ; 1 ;;; ; 2 ; 4 ; 2 ; 5 ; 7 ;;; 54 ; 60 ; 31 ; 37 ; 1 ; 3 ;;;;; 3 ; 2 ;;; 19 ; 13 ; 16 ; 20 ; 11 ; 8 ; 22 ; 24 ; 11 ; 3 
Cruzeiro;Internacional;2018;22; ; ; 54% ; 46% ; 5 ; 3 ;;; ; 1 ; 4 ; 2 ; 10 ; 6 ;;; 64 ; 37 ; 34 ; 28 ; 3 ; ;;;;; 3 ; 2 ;;; 15 ; 14 ; 14 ; 20 ; 10 ; 12 ; 21 ; 15 ; 8 ; 5 
Sao Paulo;Fluminense;2018;22; 1 ; 1 ; 47% ; 53% ; 3 ; ;;; ; 2 ; ; 1 ; 3 ; 5 ;;; 63 ; 56 ; 41 ; 38 ;;;;;;; 2 ; 2 ; 1 ; ; 14 ; 16 ; 16 ; 14 ; 11 ; 9 ; 27 ; 18 ; 5 ; 5 
Bahia;Sport;2018;23; 2 ; ; 49% ; 51% ; 8 ; 4 ;;;;; ; 1 ; 3 ; 6 ;;; 55 ; 57 ; 40 ; 39 ; 1 ; 2 ;;;;; 1 ; 1 ;;; 15 ; 16 ; 20 ; 20 ; 6 ; 6 ; 26 ; 33 ; 8 ; 4 
Flamengo;Ceara;2018;22; ; 1 ; 62% ; 38% ; 11 ; 5 ;;; 1 ; ; 2 ; ; 12 ; 4 ;;; 66 ; 40 ; 54 ; 25 ; 2 ; ;;;;; 2 ; 2 ;;; 15 ; 12 ; 14 ; 18 ; 4 ; 11 ; 26 ; 15 ; 12 ; 1 
Chapecoense;Palmeiras;2018;22; 1 ; 2 ; 56% ; 44% ; 1 ; 3 ;;; ; 1 ; 1 ; ; 7 ; 6 ;;; 79 ; 66 ; 43 ; 36 ; 1 ; 2 ;;;;; 4 ; 4 ;;; 15 ; 22 ; 24 ; 16 ; 8 ; 15 ; 27 ; 28 ; 3 ; 5 
Atletico Mg;Sao Paulo;2018;23; 1 ; ; 42% ; 58% ; 2 ; 5 ;;;;; ; 4 ; 5 ; 7 ;;; 70 ; 79 ; 32 ; 45 ; ; 2 ;;;;; 3 ; 1 ;;; 17 ; 18 ; 20 ; 17 ; 12 ; 8 ; 24 ; 41 ; 2 ; 9 
Palmeiras;Atletico Pr;2018;23; 2 ; ; 49% ; 51% ; 2 ; 1 ;;;;; 1 ; 3 ; 5 ; 4 ;;; 81 ; 65 ; 49 ; 41 ; 1 ; 1 ; 1 ; ;;; 2 ; 3 ;;; 14 ; 17 ; 18 ; 17 ; 8 ; 7 ; 26 ; 21 ; 6 ; 6 
Internacional;Flamengo;2018;23; 2 ; 1 ; 42% ; 58% ; 3 ; 5 ;;; ; 1 ; ; 1 ; 2 ; 6 ;;; 62 ; 69 ; 43 ; 49 ; 1 ; 2 ;;;;; 4 ; 1 ;;; 12 ; 13 ; 15 ; 14 ; 10 ; 5 ; 32 ; 24 ; 4 ; 3 
Parana Clube;Chapecoense;2018;23; 1 ; 1 ; 41% ; 59% ; 5 ; 5 ;;;;; 2 ; 1 ; 8 ; 3 ;;; 52 ; 60 ; 32 ; 32 ; 2 ; 1 ;;;;; 2 ; 2 ;;; 24 ; 19 ; 20 ; 26 ; 5 ; 9 ; 23 ; 22 ; 11 ; 3 
Santos;Gremio;2018;23;;; 52% ; 48% ; 3 ; 4 ;;;;; 1 ; 2 ; 3 ; 3 ;;; 98 ; 99 ; 69 ; 65 ;;;;;;; 2 ; 1 ;;; 13 ; 7 ; 8 ; 14 ; 5 ; 6 ; 23 ; 22 ; 5 ; 1 
Fluminense;Vitoria;2018;23;;;;;;;;;;;;;;;;;;;;;;;;;;;;;;;;;;;;;;;;
Ceara;Corinthians;2018;23; 2 ; 1 ; 40% ; 60% ; 6 ; 2 ;;;;; 1 ; 1 ; 6 ; 4 ;;; 46 ; 69 ; 34 ; 46 ; ; 1 ;;;;; 5 ; 2 ;;; 19 ; 18 ; 19 ; 19 ; 7 ; 8 ; 18 ; 21 ; 7 ; 4 
Botafogo;Cruzeiro;2018;23; 1 ; 1 ; 48% ; 52% ; 6 ; 1 ;;; 1 ; ; 3 ; 2 ; 3 ; 3 ;;; 57 ; 70 ; 43 ; 47 ;;;;;;; 3 ; 3 ;;; 13 ; 16 ; 17 ; 13 ; 4 ; 7 ; 32 ; 30 ; 5 ; 2 
Sao Paulo;Bahia;2018;24;;;;;;;;;;;;;;;;;;;;;;;;;;;;;;;;;;;;;;;;
Sport;Cruzeiro;2018;24;;;;;;;;;;;;;;;;;;;;;;;;;;;;;;;;;;;;;;;;
Palmeiras;Corinthians;2018;24;;;;;;;;;;;;;;;;;;;;;;;;;;;;;;;;;;;;;;;;
America Mineiro;Vasco;2018;23; 1 ; ; 52% ; 48% ; 3 ; ;;; 1 ; ; 1 ; 1 ; 1 ; 2 ;;; 26 ; 23 ; 14 ; 9 ; 1 ; ;;;;; ; 1 ;;; 11 ; 6 ; 7 ; 12 ; 2 ; 4 ; 8 ; 7 ; 4 ; 2 
America Mineiro;Ceara;2018;24;;;;;;;;;;;;;;;;;;;;;;;;;;;;;;;;;;;;;;;;
Internacional;Gremio;2018;24;;;;;;;;;;;;;;;;;;;;;;;;;;;;;;;;;;;;;;;;
Flamengo;Chapecoense;2018;24;;;;;;;;;;;;;;;;;;;;;;;;;;;;;;;;;;;;;;;;
Ceara;Vitoria;2018;25; 2 ; ; 46% ; 54% ; 1 ; ;;; 1 ; 2 ; 3 ; 2 ; 9 ; 4 ;;; 64 ; 70 ; 39 ; 33 ; ; 1 ;;;;; 2 ; 4 ;;; 23 ; 22 ; 23 ; 23 ; 9 ; 11 ; 16 ; 19 ; 4 ; 3 
Atletico Mg;Atletico Pr;2018;24; 3 ; 1 ; 47% ; 53% ; 5 ; 5 ;;; ; 2 ; 3 ; 3 ; 4 ; 4 ;;; 49 ; 64 ; 34 ; 44 ; 3 ; ;;;;; 4 ; 5 ; ; 1 ; 13 ; 14 ; 14 ; 16 ; 9 ; 7 ; 22 ; 21 ; 6 ; 6 
Vasco;Flamengo;2018;25; 1 ; 1 ; 39% ; 61% ; 4 ; 5 ;;; 1 ; ; 1 ; 2 ; 5 ; 12 ;;; 63 ; 69 ; 31 ; 48 ; ; 1 ;;; ; 1 ; 3 ; 2 ;;; 18 ; 12 ; 13 ; 18 ; 13 ; 10 ; 17 ; 26 ; 6 ; 13 
Gremio;Parana Clube;2018;25; 2 ; ; 61% ; 39% ; 2 ; 1 ;;;;; 3 ; ; 10 ; 4 ;;; 70 ; 71 ; 57 ; 38 ; 5 ; ; 1 ; ;;; 1 ; 1 ;;; 11 ; 12 ; 12 ; 16 ; 4 ; 14 ; 20 ; 13 ; 4 ; 3 
Parana Clube;Santos;2018;24;;;;;;;;;;;;;;;;;;;;;;;;;;;;;;;;;;;;;;;;
Vitoria;Vasco;2018;24;;;;;;;;;;;;;;;;;;;;;;;;;;;;;;;;;;;;;;;;
Cruzeiro;Atletico Mg;2018;25;;; 46% ; 54% ; 3 ; 2 ;;;;; 2 ; 1 ; 5 ; 5 ;;; 57 ; 55 ; 37 ; 27 ; 2 ; 2 ;;;;; 3 ; 1 ;;; 17 ; 14 ; 18 ; 21 ; 9 ; 11 ; 23 ; 28 ; 6 ; 3 
Atletico Pr;Fluminense;2018;25; 3 ; 1 ; 51% ; 49% ; 5 ; 4 ;;; 1 ; ; 2 ; ; 4 ; 6 ;;; 70 ; 75 ; 47 ; 38 ; 4 ; ;;;;; 3 ; 2 ;;; 15 ; 13 ; 14 ; 19 ; 8 ; 10 ; 21 ; 14 ; 5 ; 3 
Bahia;Palmeiras;2018;25; 1 ; 1 ; 48% ; 52% ; 2 ; ;;;;; 1 ; ; 4 ; 5 ;;; 67 ; 80 ; 35 ; 38 ; 1 ; 2 ;;;;; 1 ; 2 ;;; 15 ; 11 ; 13 ; 16 ; 6 ; 5 ; 18 ; 24 ; 6 ; 3 
Santos;Sao Paulo;2018;25;;; 49% ; 51% ; 5 ; 2 ;;;;; 3 ; 1 ; 5 ; 3 ;;; 90 ; 94 ; 70 ; 68 ; 6 ; 1 ;;;;; 6 ; 4 ;;; 14 ; 15 ; 16 ; 20 ; 3 ; 13 ; 33 ; 20 ; 4 ; 4 
Corinthians;Sport;2018;25; 2 ; 1 ; 65% ; 35% ; 4 ; 6 ;;;;; 1 ; 1 ; 4 ; 5 ;;; 84 ; 64 ; 45 ; 36 ; 4 ; 1 ; ; 1 ;;; 2 ; 1 ;;; 15 ; 19 ; 20 ; 19 ; 8 ; 5 ; 29 ; 22 ; 5 ; 6 
Chapecoense;Internacional;2018;25; 2 ; 1 ; 51% ; 49% ; 3 ; 3 ;;; 1 ; ; 2 ; ; 9 ; 8 ;;; 70 ; 63 ; 42 ; 36 ; ; 3 ; 1 ; 2 ; ; 1 ; 4 ; 3 ;;; 12 ; 13 ; 17 ; 12 ; 9 ; 11 ; 23 ; 28 ; 6 ; 4 
Fluminense;Botafogo;2018;24;;;;;;;;;;;;;;;;;;;;;;;;;;;;;;;;;;;;;;;;
Botafogo;America Mineiro;2018;25; 1 ; ; 55% ; 45% ; 4 ; 1 ;;;;; 1 ; 1 ; 7 ; 5 ;;; 83 ; 74 ; 67 ; 50 ; 1 ; 4 ;;;;; 1 ; 1 ; ; 1 ; 10 ; 14 ; 22 ; 13 ; 9 ; 9 ; 17 ; 21 ; 5 ; 1 
Sao Paulo;America Mineiro;2018;26; 1 ; 1 ; 58% ; 42% ; 3 ; 2 ;;;;; 1 ; ; 8 ; 3 ;;; 78 ; 72 ; 58 ; 28 ; 1 ; ;;;;; 1 ; 1 ;;; 14 ; 10 ; 11 ; 15 ; 7 ; 11 ; 25 ; 23 ; 6 ; 2 
Gremio;Ceara;2018;26; 3 ; 2 ; 60% ; 40% ; 8 ; 1 ;;; ; 1 ; 1 ; 1 ; 8 ; 1 ;;; 65 ; 52 ; 56 ; 42 ; 1 ; ;;;;; 3 ; 1 ;;; 12 ; 9 ; 9 ; 13 ; 2 ; 14 ; 15 ; 20 ; 17 ; 
Vitoria;Botafogo;2018;26; 3 ; 4 ; 62% ; 38% ; ; 5 ;;;;; 4 ; 1 ; 6 ; 3 ;;; 67 ; 51 ; 44 ; 31 ; 1 ; 2 ;;;;; 1 ; 4 ;;; 14 ; 15 ; 18 ; 16 ; 4 ; 10 ; 19 ; 15 ; 3 ; 1 
Corinthians;Internacional;2018;26; 1 ; 1 ; 50% ; 50% ; 6 ; 1 ;;; 1 ; ; 1 ; 2 ; 2 ; 4 ;;; 75 ; 78 ; 40 ; 47 ; 1 ; 1 ;;;;; ; 2 ;;; 13 ; 10 ; 12 ; 14 ; 9 ; 5 ; 17 ; 23 ; 2 ; 3 
Atletico Pr;Parana Clube;2018;26; 3 ; ; 52% ; 48% ; 5 ; 3 ;;; 1 ; ; 1 ; 2 ; 5 ; 6 ;;; 66 ; 69 ; 49 ; 41 ; 1 ; ;;;;; ; 4 ;;; 15 ; 10 ; 10 ; 16 ; 14 ; 8 ; 16 ; 20 ; 6 ; 3 
Flamengo;Atletico Mg;2018;26; 2 ; 1 ; 49% ; 51% ; ; 3 ;;; ; 1 ; 2 ; 3 ; 5 ; 5 ;;; 52 ; 55 ; 33 ; 37 ; 2 ; 1 ;;;;; 2 ; 2 ;;; 25 ; 14 ; 15 ; 28 ; 8 ; 8 ; 18 ; 21 ; 4 ; 6 
Sport;Palmeiras;2018;26; ; 1 ; 50% ; 50% ; 3 ; 2 ;;;;; 2 ; 2 ; 7 ; 3 ;;; 64 ; 60 ; 33 ; 25 ; 2 ; ;;;;; 2 ; 2 ;;; 15 ; 14 ; 15 ; 18 ; 5 ; 9 ; 26 ; 26 ; 6 ; 5 
Chapecoense;Fluminense;2018;26; 1 ; 2 ; 57% ; 43% ; 3 ; 3 ;;;;; ; 1 ; 6 ; 2 ;;; 63 ; 51 ; 47 ; 33 ; 2 ; ;;; 1 ; ; 3 ; 3 ;;; 16 ; 17 ; 19 ; 19 ; 2 ; 13 ; 33 ; 27 ; 7 ; 2 
Fluminense;Gremio;2018;27; ; 1 ; 56% ; 44% ; 2 ; 4 ;;;;; 2 ; ; 4 ; 1 ;;; 52 ; 51 ; 30 ; 25 ; ; 1 ;;;;; 1 ; 2 ;;; 10 ; 13 ; 14 ; 10 ; 3 ; 11 ; 11 ; 17 ; 7 ; 2 
America Mineiro;Corinthians;2018;27;;; 40% ; 60% ; 2 ; 7 ;;;;; 2 ; ; 6 ; 9 ;;; 64 ; 68 ; 28 ; 37 ; 1 ; 3 ;;;;; ; 1 ;;; 8 ; 4 ; 7 ; 9 ; 8 ; 5 ; 12 ; 28 ; 1 ; 5 
Palmeiras;Cruzeiro;2018;27; 3 ; 1 ; 53% ; 47% ; 1 ; ;;;;; 3 ; 1 ; 8 ; 2 ;;; 80 ; 82 ; 60 ; 49 ; 3 ; 1 ; 1 ; 1 ;;; 5 ; 6 ;;; 14 ; 17 ; 18 ; 17 ; 3 ; 10 ; 24 ; 23 ; 7 ; 2 
Bahia;Flamengo;2018;27;;; 44% ; 56% ; 4 ; 5 ;;;;; 3 ; 1 ; 5 ; 3 ;;; 51 ; 80 ; 28 ; 35 ; 2 ; 2 ;;;;; 2 ; 1 ;;; 14 ; 17 ; 19 ; 17 ; 9 ; 6 ; 15 ; 29 ; 4 ; 3 
Vasco;Bahia;2018;26; 2 ; 1 ; 59% ; 41% ; 4 ; 4 ;;;;; 2 ; ; 3 ; 5 ;;; 66 ; 50 ; 41 ; 32 ; 4 ; 1 ; 1 ; ;;; 5 ; 2 ; ; 1 ; 13 ; 14 ; 15 ; 17 ; 5 ; 10 ; 30 ; 17 ; 4 ; 8 
Botafogo;Sao Paulo;2018;27; 2 ; 2 ; 45% ; 55% ; 3 ; 5 ;;;;; ; 2 ; 4 ; 2 ;;; 63 ; 75 ; 46 ; 56 ; 2 ; 1 ;;;;; 1 ; 2 ;;; 18 ; 18 ; 19 ; 22 ; 7 ; 8 ; 22 ; 14 ; 7 ; 7 
Ceara;Chapecoense;2018;27; 3 ; 1 ; 49% ; 51% ; 3 ; 3 ;;;;; 1 ; 2 ; 6 ; 4 ;;; 54 ; 50 ; 37 ; 34 ; ; 1 ;;;;; 3 ; 5 ;;; 15 ; 18 ; 19 ; 15 ; 9 ; 8 ; 23 ; 22 ; 5 ; 8 
Santos;Atletico Pr;2018;27; 1 ; ; 61% ; 39% ; 5 ; 5 ;;;;; 1 ; ; 3 ; 5 ;;; 83 ; 54 ; 49 ; 32 ; 2 ; 2 ; 1 ; ;;; 1 ; 5 ;;; 7 ; 16 ; 18 ; 9 ; 9 ; 8 ; 23 ; 34 ; 12 ; 5 
Internacional;Vitoria;2018;27; 2 ; 1 ; 65% ; 35% ; 5 ; 2 ;;; 1 ; ; 1 ; 4 ; 3 ; 1 ;;; 82 ; 48 ; 61 ; 28 ; 4 ; 1 ; 1 ; ;;; 2 ; 6 ;;; 18 ; 16 ; 18 ; 22 ; 2 ; 8 ; 24 ; 25 ; 7 ; 
Sport;Internacional;2018;28; 2 ; 1 ; 46% ; 54% ; 2 ; 2 ;;;;; 2 ; 1 ; 4 ; 4 ;;; 59 ; 74 ; 29 ; 40 ; 3 ; ;;;;; 4 ; 1 ;;; 10 ; 7 ; 10 ; 13 ; 8 ; 6 ; 22 ; 19 ; 8 ; 4 
Parana Clube;Vasco;2018;27; 1 ; 1 ; 44% ; 56% ; 5 ; 5 ;;;;; 1 ; 2 ; 14 ; 10 ;;; 64 ; 83 ; 44 ; 49 ; 2 ; 2 ; ; 1 ;;; 1 ; ; ; 1 ; 14 ; 11 ; 13 ; 16 ; 11 ; 12 ; 19 ; 19 ; 11 ; 5 
Cruzeiro;Santos;2018;26; 2 ; 1 ; 49% ; 51% ; 2 ; 6 ;;; 1 ; 1 ; ; 1 ; 1 ; 4 ;;; 59 ; 52 ; 28 ; 26 ; 1 ; 1 ;;;;; 2 ; 2 ;;; 18 ; 12 ; 13 ; 19 ; 8 ; 4 ; 26 ; 25 ; 4 ; 6 
Atletico Mg;Sport;2018;27; 5 ; 2 ; 61% ; 39% ; 5 ; ;;;;; 4 ; 2 ; 9 ; 4 ;;; 73 ; 53 ; 50 ; 29 ; 2 ; ; 1 ; ; ; 1 ; 1 ; 4 ;;; 17 ; 15 ; 15 ; 19 ; 9 ; 9 ; 26 ; 14 ; 6 ; 6 
Chapecoense;Atletico Mg;2018;28; 1 ; ; 41% ; 59% ; ; 2 ;;;;; 1 ; 3 ; 7 ; 8 ;;; 65 ; 64 ; 40 ; 41 ; 2 ; 1 ;;;;; 3 ; 3 ;;; 19 ; 14 ; 17 ; 22 ; 9 ; 12 ; 27 ; 26 ; 5 ; 9 
Corinthians;Flamengo;2018;28; ; 3 ; 46% ; 54% ; 3 ; 3 ;;;;; 2 ; ; 5 ; 4 ;;; 66 ; 70 ; 27 ; 44 ; 1 ; ;;;;; 2 ; 1 ;;; 7 ; 15 ; 18 ; 10 ; 5 ; 8 ; 27 ; 29 ; 4 ; 10 
Gremio;Bahia;2018;28; 2 ; 2 ; 70% ; 30% ; 6 ; 3 ;;;;; 7 ; 1 ; 5 ; 3 ;;; 75 ; 44 ; 65 ; 31 ; 5 ; ; 1 ; ; ; 1 ; 2 ; 4 ;;; 13 ; 24 ; 24 ; 18 ; 5 ; 9 ; 24 ; 12 ; 9 ; 4 
Sao Paulo;Palmeiras;2018;28; ; 2 ; 58% ; 42% ; 2 ; 1 ;;; ; 1 ; ; 1 ; 5 ; 2 ;;; 81 ; 67 ; 45 ; 36 ; 2 ; 3 ;;;;; 2 ; 3 ;;; 21 ; 17 ; 20 ; 23 ; 4 ; 11 ; 28 ; 23 ; 4 ; 2 
Vitoria;Santos;2018;28; ; 1 ; 60% ; 40% ; 3 ; 2 ;;; 1 ; ; 6 ; 3 ; 9 ; 4 ;;; 55 ; 40 ; 34 ; 27 ; ; 1 ;;;;; 3 ; 2 ; 1 ; ; 17 ; 25 ; 27 ; 17 ; 6 ; 12 ; 19 ; 19 ; 8 ; 2 
Atletico Pr;America Mineiro;2018;28; 4 ; ; 59% ; 41% ; ; 4 ;;; 1 ; ; 2 ; 1 ; 3 ; 1 ;;; 75 ; 65 ; 42 ; 29 ; ; 3 ;;;;; 3 ; 3 ;;; 11 ; 13 ; 16 ; 11 ; 4 ; 9 ; 25 ; 22 ; 5 ; 1 
Cruzeiro;Ceara;2018;28; ; 2 ; 57% ; 43% ; 10 ; 1 ;;; 1 ; ; ; 2 ; 10 ; 2 ;;; 82 ; 64 ; 50 ; 32 ; 2 ; 1 ;;;;; 1 ; 3 ;;; 7 ; 18 ; 19 ; 9 ; 7 ; 15 ; 22 ; 13 ; 10 ; 1 
Flamengo;Fluminense;2018;29; 3 ; ; 49% ; 51% ; 5 ; 6 ;;;;; 1 ; 4 ; 7 ; 4 ;;; 48 ; 54 ; 26 ; 36 ;;;;;;; 2 ; 3 ;;; 16 ; 15 ; 15 ; 16 ; 8 ; 8 ; 12 ; 17 ; 6 ; 3 
Santos;Corinthians;2018;29; 1 ; ; 49% ; 51% ; 3 ; 2 ;;;;;;; 6 ; 5 ;;; 60 ; 67 ; 40 ; 23 ; 2 ; 1 ;;;;; 3 ; 3 ;;; 17 ; 18 ; 20 ; 22 ; 7 ; 10 ; 37 ; 28 ; 5 ; 2 
Bahia;Parana Clube;2018;29; 2 ; ; 68% ; 32% ; 4 ; 4 ;;;;; 2 ; ; 12 ; 2 ;;; 80 ; 40 ; 46 ; 20 ; 2 ; ;;;;; 1 ; 3 ;;; 4 ; 9 ; 10 ; 7 ; 2 ; 15 ; 25 ; 13 ; 12 ; 1 
Chapecoense;Vitoria;2018;29; ; 1 ; 58% ; 42% ; 5 ; 2 ;;; ; 2 ; 1 ; 1 ; 8 ; 10 ;;; 94 ; 58 ; 45 ; 25 ; 1 ; ;;;;; 3 ; 2 ;;; 14 ; 19 ; 20 ; 15 ; 14 ; 18 ; 38 ; 24 ; 7 ; 3 
Vasco;Cruzeiro;2018;29; 2 ; ; 53% ; 47% ; 4 ; 6 ;;;;; 2 ; 4 ; 6 ; 4 ;;; 47 ; 42 ; 33 ; 22 ; 1 ; 1 ;;;;; 5 ; 2 ; ; 1 ; 15 ; 16 ; 17 ; 16 ; 7 ; 8 ; 13 ; 15 ; 10 ; 9 
Fluminense;Parana Clube;2018;28; 4 ; ; 64% ; 36% ; 5 ; ;;;;; 1 ; 3 ; 5 ; 4 ;;; 84 ; 55 ; 43 ; 27 ; 3 ; ;;;;; 1 ; 2 ;;; 8 ; 18 ; 18 ; 11 ; 5 ; 7 ; 17 ; 19 ; 8 ; 2 
Botafogo;Vasco;2018;28; 1 ; 1 ; 51% ; 49% ; 5 ; 3 ;;; 1 ; ; ; 4 ; 9 ; 2 ;;; 70 ; 66 ; 50 ; 51 ; 1 ; ;;;;; 3 ; 2 ;;; 13 ; 13 ; 13 ; 14 ; 2 ; 10 ; 11 ; 15 ; 7 ; 6 
America Mineiro;Gremio;2018;30; 1 ; 1 ; 53% ; 47% ; 2 ; 4 ;;;;; 2 ; 1 ; 4 ; 6 ;;; 72 ; 76 ; 51 ; 41 ; 1 ; 2 ; ; 1 ;;;;;;; 17 ; 8 ; 10 ; 18 ; 12 ; 6 ; 28 ; 13 ; 5 ; 4 
Atletico Mg;America Mineiro;2018;29;;; 59% ; 41% ; 3 ; 9 ;;;;; ; 2 ; 11 ; 5 ;;; 64 ; 56 ; 37 ; 32 ; 1 ; 2 ;;;;; 1 ; ;;; 16 ; 15 ; 17 ; 17 ; 8 ; 11 ; 24 ; 22 ; 16 ; 3 
Ceara;Botafogo;2018;29; ; ; 56% ; 44% ; 8 ; 1 ;;;;; 2 ; 1 ; 8 ; 9 ;;; 88 ; 49 ; 58 ; 31 ; 1 ; 1 ; 1 ; ;;; 1 ; 3 ;;; 13 ; 10 ; 11 ; 14 ; 9 ; 12 ; 20 ; 18 ; 6 ; 3 
Palmeiras;Gremio;2018;29; 2 ; ; 39% ; 61% ; 3 ; ;;;;; ; 1 ; 2 ; 2 ;;; 64 ; 93 ; 32 ; 37 ;;;;;;; 3 ; 2 ;;; 15 ; 16 ; 16 ; 15 ; 5 ; 7 ; 20 ; 16 ; 4 ; 5 
Internacional;Sao Paulo;2018;29; 3 ; 1 ; 55% ; 45% ; 6 ; ;;; 1 ; ; 5 ; 2 ; 4 ; 4 ;;; 58 ; 61 ; 43 ; 45 ; 4 ; 1 ; 1 ; ; ; 1 ; ; 4 ;;; 17 ; 22 ; 23 ; 21 ; 5 ; 7 ; 12 ; 22 ; 6 ; 4 
Atletico Pr;Sport;2018;29; 4 ; ; 68% ; 32% ; 5 ; 3 ;;;;; 4 ; ; 14 ; 4 ;;; 62 ; 53 ; 47 ; 17 ; ; 2 ; 1 ; ;;; ; 2 ;;; 13 ; 10 ; 13 ; 13 ; 6 ; 15 ; 15 ; 12 ; 10 ; 3 
Sport;Vasco;2018;30; 2 ; 1 ; 54% ; 46% ; 3 ; 3 ;;; 2 ; ; ; 1 ; 6 ; 7 ;;; 72 ; 66 ; 39 ; 32 ; 1 ; ; 1 ; ;;; ; 3 ;;; 15 ; 16 ; 17 ; 17 ; 6 ; 12 ; 12 ; 21 ; 1 ; 4 
Vitoria;Corinthians;2018;30; 2 ; 2 ; 45% ; 55% ; 6 ; 2 ;;;;; 2 ; ; 5 ; 4 ;;; 47 ; 43 ; 29 ; 29 ; 1 ; 1 ;;;;; 1 ; 3 ;;; 19 ; 21 ; 23 ; 20 ; 4 ; 11 ; 25 ; 28 ; 5 ; 5 
Fluminense;Atletico Mg;2018;30; 1 ; ; 57% ; 43% ; 4 ; 4 ;;;;;;; 4 ; 6 ;;; 72 ; 66 ; 36 ; 36 ; 2 ; ; ; 1 ;;; 2 ; 2 ; 1 ; ; 12 ; 17 ; 18 ; 15 ; 10 ; 8 ; 21 ; 16 ; 4 ; 7 
Palmeiras;Ceara;2018;30; 2 ; 1 ; 44% ; 56% ; 4 ; 5 ;;;;; 3 ; 4 ; 4 ; 10 ;;; 64 ; 67 ; 28 ; 43 ; 1 ; 2 ; 1 ; ;;; 4 ; 2 ; 1 ; ; 13 ; 12 ; 14 ; 15 ; 11 ; 7 ; 20 ; 17 ; 4 ; 12 
Botafogo;Bahia;2018;30; ; 1 ; 61% ; 39% ; 6 ; 1 ;;;;; 1 ; 1 ; 3 ; 6 ;;; 84 ; 72 ; 60 ; 54 ;;;;;;; 2 ; 1 ;;; 9 ; 21 ; 21 ; 10 ; 7 ; 7 ; 29 ; 20 ; 8 ; 2 
Cruzeiro;Chapecoense;2018;30; 3 ; ; 53% ; 47% ; 1 ; 2 ;;;;; 1 ; 2 ; 6 ; 11 ;;; 50 ; 50 ; 30 ; 33 ; 1 ; 1 ;;;;; 2 ; 1 ;;; 8 ; 14 ; 16 ; 10 ; 13 ; 11 ; 24 ; 22 ; 4 ; 4 
Parana Clube;Flamengo;2018;30; ; 4 ; 37% ; 63% ; 2 ; 2 ;;;;; 3 ; 1 ; 2 ; 3 ;;; 65 ; 81 ; 32 ; 49 ; 1 ; 2 ;;; 1 ; ; 2 ; ;;; 17 ; 12 ; 15 ; 18 ; 8 ; 5 ; 13 ; 28 ; 4 ; 1 
Sao Paulo;Atletico Pr;2018;30;;; 39% ; 61% ; 5 ; 2 ;;; 2 ; 1 ; 1 ; 1 ; 5 ; 6 ;;; 70 ; 77 ; 46 ; 38 ; 4 ; 2 ;;;;; 2 ; 2 ;;; 20 ; 14 ; 17 ; 25 ; 7 ; 10 ; 19 ; 20 ; 4 ; 7 
Chapecoense;America Mineiro;2018;31; 1 ; ; 49% ; 51% ; 5 ; 2 ;;;;; ; 3 ; 4 ; 2 ;;; 78 ; 72 ; 47 ; 43 ; 1 ; 1 ;;;;; 1 ; 3 ;;; 11 ; 21 ; 25 ; 13 ; 6 ; 4 ; 25 ; 32 ; 4 ; 4 
Santos;Fluminense;2018;31; 3 ; ; 66% ; 34% ; 6 ; 1 ;;; 2 ; ; 4 ; 1 ; 6 ; 3 ;;; 82 ; 64 ; 63 ; 51 ; 2 ; 1 ; 1 ; ;;; 2 ; 3 ;;; 12 ; 16 ; 17 ; 17 ; 4 ; 9 ; 25 ; 22 ; 12 ; 2 
Vasco;Internacional;2018;31; 1 ; 1 ; 57% ; 43% ; 8 ; 3 ;;; 1 ; ; 1 ; 2 ; 6 ; 3 ;;; 60 ; 53 ; 36 ; 33 ; ; 2 ; 1 ; ;;; 3 ; 5 ;;; 16 ; 18 ; 22 ; 17 ; 6 ; 9 ; 16 ; 20 ; 6 ; 4 
Internacional;Santos;2018;30; 2 ; 2 ; 49% ; 51% ; 5 ; 1 ;;; ; 1 ; 2 ; 1 ; 1 ; 4 ;;; 67 ; 55 ; 44 ; 37 ; ; 1 ;;;;; 1 ; 3 ;;; 14 ; 12 ; 13 ; 14 ; 7 ; 9 ; 21 ; 21 ; 4 ; 7 
Flamengo;Palmeiras;2018;31; 1 ; 1 ; 65% ; 35% ; 5 ; 3 ;;;;; 4 ; ; 11 ; 3 ;;; 67 ; 48 ; 47 ; 28 ; ; 2 ;;;;; 2 ; 5 ;;; 19 ; 17 ; 19 ; 19 ; 3 ; 14 ; 27 ; 19 ; 15 ; 4 
Vitoria;Sao Paulo;2018;31; ; 1 ; 64% ; 36% ; 3 ; 6 ;;;;; 4 ; 2 ; 7 ; 6 ;;; 56 ; 41 ; 45 ; 28 ;;;;;;; 1 ; 2 ;;; 8 ; 24 ; 24 ; 8 ; 8 ; 9 ; 19 ; 19 ; 4 ; 6 
Cruzeiro;Parana Clube;2018;31; 3 ; 1 ; 56% ; 44% ; 2 ; 1 ;;; 1 ; ; 2 ; 1 ; 4 ; 2 ;;; 66 ; 69 ; 43 ; 32 ; 3 ; 1 ; 1 ; ;;; ; 2 ;;; 13 ; 16 ; 17 ; 16 ; 6 ; 5 ; 19 ; 16 ; 9 ; 
Atletico Pr;Botafogo;2018;31; 2 ; 1 ; 63% ; 37% ; 5 ; 3 ;;;;; 2 ; 1 ; 8 ; 4 ;;; 79 ; 63 ; 49 ; 23 ; 1 ; 1 ; ; 1 ;;; 3 ; 4 ;;; 17 ; 30 ; 31 ; 19 ; 5 ; 17 ; 19 ; 19 ; 5 ; 2 
Ceara;Atletico Mg;2018;31; 2 ; 1 ; 45% ; 55% ; 3 ; 1 ;;;;; 1 ; 3 ; 4 ; 7 ;;; 51 ; 65 ; 32 ; 42 ; 2 ; 3 ;;;;; 2 ; 4 ;;; 13 ; 21 ; 24 ; 15 ; 9 ; 6 ; 26 ; 15 ; 3 ; 6 
Atletico Mg;Gremio;2018;32; ; 1 ; 55% ; 45% ; 1 ; 6 ;;;;; 8 ; 2 ; 7 ; 5 ;;; 75 ; 80 ; 49 ; 47 ; ; 4 ;;;;; 4 ; 1 ;;; 12 ; 12 ; 16 ; 12 ; 9 ; 14 ; 29 ; 22 ; 8 ; 3 
Fluminense;Vasco;2018;32; ; 1 ; 61% ; 39% ; 4 ; 4 ;;; 1 ; ; 3 ; ; 10 ; 2 ;;; 52 ; 34 ; 34 ; 20 ; 1 ; 2 ; ; 1 ;;; 2 ; 3 ;;; 13 ; 11 ; 13 ; 14 ; 3 ; 17 ; 25 ; 17 ; 9 ; 2 
Palmeiras;Santos;2018;32; 3 ; 2 ; 41% ; 59% ; 3 ; 3 ;;; ; ; 2 ; 1 ; 4 ; 1 ;;; 58 ; 76 ; 28 ; 29 ; 1 ; ;;; ; 1 ; 3 ; 5 ;;; 24 ; 22 ; 23 ; 25 ; 5 ; 4 ; 18 ; 21 ; 3 ; 5 
Gremio;Sport;2018;31; 3 ; 4 ; 67% ; 33% ; 4 ; ;;;;; 1 ; ; 6 ; 4 ;;; 84 ; 47 ; 57 ; 33 ;;; 1 ; ;;; 2 ; 2 ;;; 10 ; 15 ; 15 ; 10 ; 7 ; 10 ; 30 ; 20 ; 10 ; 
Corinthians;Bahia;2018;31; 2 ; 1 ; 50% ; 50% ; 1 ; 1 ;;;;; 7 ; 1 ; 5 ; 6 ;;; 71 ; 64 ; 36 ; 39 ; 2 ; ; ; 1 ;;; 2 ; 3 ;;; 9 ; 13 ; 15 ; 12 ; 15 ; 9 ; 28 ; 31 ; 5 ; 5 
Internacional;Atletico Pr;2018;32; 2 ; 1 ; 64% ; 36% ; 4 ; 2 ;;; ; 1 ; 2 ; 2 ; 4 ; 4 ;;; 87 ; 69 ; 63 ; 43 ; 1 ; 1 ; 1 ; ;;; 2 ; 3 ;;; 9 ; 17 ; 20 ; 10 ; 4 ; 15 ; 28 ; 16 ; 11 ; 5 
America Mineiro;Cruzeiro;2018;32; 1 ; 2 ; 57% ; 43% ; 6 ; 1 ;;;;; 3 ; 1 ; 3 ; 4 ;;; 83 ; 67 ; 52 ; 31 ; ; 1 ; 1 ; 1 ;;; 3 ; 1 ;;; 17 ; 8 ; 9 ; 17 ; 13 ; 8 ; 26 ; 23 ; 8 ; 2 
Botafogo;Corinthians;2018;32; 1 ; ; 43% ; 57% ; 6 ; 6 ;;; 1 ; ; 2 ; ; 9 ; 3 ;;; 72 ; 84 ; 56 ; 60 ; ; 2 ;;;;; 1 ; 2 ;;; 24 ; 18 ; 20 ; 25 ; 7 ; 11 ; 19 ; 23 ; 5 ; 3 
Sao Paulo;Flamengo;2018;32; 2 ; 2 ; 45% ; 55% ; 2 ; 4 ;;;;; ; 1 ; 4 ; 9 ;;; 74 ; 78 ; 40 ; 46 ;;;;;;; 2 ; 1 ;;; 17 ; 12 ; 12 ; 18 ; 13 ; 5 ; 28 ; 23 ; 8 ; 7 
Bahia;Chapecoense;2018;32; 1 ; ; 61% ; 39% ; 6 ; 2 ;;; ; 1 ; 2 ; ; 4 ; 5 ;;; 76 ; 57 ; 39 ; 29 ; 1 ; 5 ;;;;; 1 ; 1 ;;; 14 ; 22 ; 27 ; 16 ; 9 ; 12 ; 29 ; 20 ; 5 ; 3 
Parana Clube;Vitoria;2018;32; 1 ; 1 ; 45% ; 55% ; ; 4 ;;; 1 ; ; ; 4 ; 3 ; 4 ;;; 67 ; 71 ; 31 ; 39 ; ; 2 ;;;;; 3 ; 4 ;;; 19 ; 20 ; 22 ; 19 ; 7 ; 3 ; 30 ; 35 ; 2 ; 5 
America Mineiro;Parana Clube;2018;33; ; 1 ; 61% ; 39% ; 2 ; 4 ;;;;; 3 ; ; 12 ; 3 ;;; 71 ; 41 ; 47 ; 20 ; 7 ; 2 ;;; 1 ; ; 3 ; 1 ; ; 1 ; 9 ; 11 ; 13 ; 18 ; 5 ; 14 ; 22 ; 15 ; 13 ; 6 
Sport;Ceara;2018;32; 1 ; ; 55% ; 45% ; 2 ; 4 ;;; ; 1 ; ; 1 ; 5 ; 5 ;;; 75 ; 56 ; 35 ; 29 ; 1 ; 1 ;;;;; 3 ; 3 ;;; 13 ; 16 ; 17 ; 14 ; 9 ; 8 ; 23 ; 17 ; 8 ; 3 
Corinthians;Sao Paulo;2018;33; 1 ; 1 ; 49% ; 51% ; 5 ; 3 ;;;;; 1 ; 3 ; 6 ; 4 ;;; 52 ; 53 ; 36 ; 40 ; 1 ; 4 ;;; 1 ; ; 1 ; 3 ;;; 10 ; 18 ; 22 ; 11 ; 14 ; 10 ; 21 ; 17 ; 7 ; 2 
Botafogo;Flamengo;2018;33; 2 ; 1 ; 41% ; 59% ; 3 ; 4 ;;; 1 ; 1 ; 3 ; 1 ; 6 ; 9 ;;; 43 ; 59 ; 24 ; 33 ; 4 ; 2 ;;;;; 4 ; 6 ;;; 30 ; 16 ; 18 ; 34 ; 14 ; 7 ; 14 ; 17 ; 4 ; 3 
Ceara;Internacional;2018;33; 1 ; 1 ; 48% ; 52% ; 6 ; 3 ;;;;; 6 ; ; 8 ; ;;; 62 ; 66 ; 43 ; 41 ; 2 ; 1 ;;;;; 2 ; 4 ;;; 11 ; 15 ; 16 ; 13 ; 5 ; 11 ; 23 ; 20 ; 6 ; 5 
Atletico Pr;Cruzeiro;2018;33; 2 ; ; 46% ; 54% ; 2 ; 5 ;;;;; 1 ; 1 ; 6 ; 4 ;;; 62 ; 70 ; 26 ; 36 ; ; 1 ;;;;; 3 ; 7 ;;; 16 ; 13 ; 15 ; 16 ; 6 ; 6 ; 14 ; 27 ; 4 ; 3 
Atletico Mg;Palmeiras;2018;33; 1 ; 1 ; 52% ; 48% ; 7 ; 2 ;;;;; 1 ; 1 ; 7 ; 3 ;;; 66 ; 54 ; 40 ; 32 ; ; 3 ; ; 1 ;;; 3 ; 2 ;;; 21 ; 14 ; 17 ; 21 ; 7 ; 10 ; 22 ; 21 ; 6 ; 4 
Vitoria;Bahia;2018;33; 2 ; 2 ; 54% ; 46% ; 2 ; 1 ;;; ; 1 ; ; 1 ; 4 ; 9 ;;; 49 ; 44 ; 32 ; 36 ; 3 ; 2 ;;;;; 2 ; 4 ;;; 17 ; 27 ; 29 ; 20 ; 10 ; 7 ; 26 ; 16 ; 4 ; 5 
Santos;Chapecoense;2018;33; ; 1 ; 57% ; 43% ; 2 ; 2 ;;;;; 2 ; 1 ; 13 ; 4 ;;; 88 ; 85 ; 62 ; 64 ; 2 ; 5 ;;;;; 2 ; 1 ;;; 16 ; 22 ; 28 ; 18 ; 6 ; 15 ; 51 ; 25 ; 5 ; 4 
Vasco;Atletico Pr;2018;34;;;;;;;;;;;;;;;;;;;;;;;;;;;;;;;;;;;;;;;;
Bahia;Ceara;2018;34;;;;;;;;;;;;;;;;;;;;;;;;;;;;;;;;;;;;;;;;
Cruzeiro;Corinthians;2018;34;;;;;;;;;;;;;;;;;;;;;;;;;;;;;;;;;;;;;;;;
Sport;Vitoria;2018;34;;;;;;;;;;;;;;;;;;;;;;;;;;;;;;;;;;;;;;;;
Parana Clube;Atletico Mg;2018;34;;;;;;;;;;;;;;;;;;;;;;;;;;;;;;;;;;;;;;;;
Gremio;Vasco;2018;33; 2 ; 1 ; 63% ; 37% ; 7 ; 1 ;;;;; 3 ; 1 ; 7 ; 5 ;;; 74 ; 44 ; 60 ; 31 ; 1 ; ;;;;; 2 ; 4 ;;; 10 ; 17 ; 18 ; 13 ; 6 ; 12 ; 21 ; 14 ; 7 ; 2 
Fluminense;Sport;2018;33; ; ; 57% ; 43% ; 9 ; ;;; ; 1 ; 1 ; ; 6 ; 1 ;;; 76 ; 57 ; 48 ; 29 ; 3 ; 2 ;;;;; ; 2 ;;; 16 ; 13 ; 17 ; 21 ; 5 ; 9 ; 29 ; 24 ; 4 ; 5 
Flamengo;Santos;2018;34; 1 ; ; 59% ; 41% ; 3 ; 3 ;;;;; 3 ; 2 ; 11 ; 3 ;;; 43 ; 34 ; 28 ; 22 ;;; ; 1 ;;; 3 ; 5 ;;; 20 ; 15 ; 16 ; 20 ; 5 ; 11 ; 10 ; 14 ; 8 ; 2 
Palmeiras;Fluminense;2018;34;;;;;;;;;;;;;;;;;;;;;;;;;;;;;;;;;;;;;;;;
Sao Paulo;Gremio;2018;34; 1 ; 1 ; 62% ; 38% ; 5 ; 2 ;;;;; ; 2 ; 6 ; 1 ;;; 77 ; 57 ; 51 ; 27 ; 2 ; ;;;;; 1 ; 2 ;;; 14 ; 12 ; 13 ; 16 ; 2 ; 14 ; 28 ; 18 ; 2 ; 3 
Internacional;America Mineiro;2018;34; 2 ; ; 50% ; 50% ; 4 ; 3 ;;; ; 1 ; 4 ; ; 1 ; 4 ;;; 62 ; 67 ; 45 ; 45 ; 2 ; 2 ;;;;; 1 ; 2 ;;; 19 ; 19 ; 22 ; 21 ; 5 ; 5 ; 19 ; 11 ; 7 ; 4 
Chapecoense;Botafogo;2018;34; ; 1 ; 50% ; 50% ; 4 ; 3 ;;;;; 3 ; ; 9 ; 5 ;;; 70 ; 63 ; 38 ; 27 ; 1 ; 1 ;;;;; 1 ; 2 ;;; 10 ; 13 ; 15 ; 11 ; 5 ; 14 ; 27 ; 24 ; 10 ; 5 
Parana Clube;Palmeiras;2018;35; 1 ; 1 ; 36% ; 64% ; 3 ; 6 ;;;;; 1 ; 4 ; 3 ; 4 ;;; 51 ; 83 ; 30 ; 51 ; ; 5 ; ; 1 ;;; 4 ; 2 ;;; 21 ; 9 ; 14 ; 21 ; 9 ; 9 ; 27 ; 38 ; 4 ; 11 
America Mineiro;Santos;2018;35; 2 ; 1 ; 51% ; 49% ; 5 ; 2 ;;; 2 ; ; 1 ; ; 4 ; 3 ;;; 61 ; 55 ; 38 ; 27 ; 1 ; 1 ;;;;; 6 ; 1 ;;; 21 ; 13 ; 16 ; 22 ; 8 ; 6 ; 19 ; 20 ; 4 ; 6 
Botafogo;Internacional;2018;35; 1 ; ; 41% ; 59% ; 4 ; 2 ;;;;; 1 ; ; 6 ; 1 ;;; 74 ; 73 ; 53 ; 52 ; 1 ; 2 ;;;;; 1 ; 3 ;;; 10 ; 16 ; 19 ; 13 ; 7 ; 8 ; 16 ; 25 ; 1 ; 9 
Sport;Flamengo;2018;35; ; 1 ; 57% ; 43% ; 3 ; 4 ;;; ; 1 ; 1 ; 1 ; 8 ; 6 ;;; 65 ; 58 ; 40 ; 30 ; 3 ; ;;; ; 1 ; 1 ; 1 ;;; 9 ; 11 ; 13 ; 12 ; 9 ; 15 ; 21 ; 28 ; 6 ; 8 
Sao Paulo;Cruzeiro;2018;35; 1 ; ; 54% ; 46% ; 2 ; ;;;;; 1 ; 1 ; 6 ; 5 ;;; 88 ; 61 ; 45 ; 33 ; 4 ; 3 ;;;;; 2 ; 2 ;;; 13 ; 17 ; 20 ; 18 ; 7 ; 7 ; 22 ; 32 ; 3 ; 1 
Vitoria;Atletico Pr;2018;35; 1 ; 2 ; 56% ; 44% ; 4 ; 6 ;;;;; 2 ; 4 ; 6 ; 4 ;;; 51 ; 43 ; 40 ; 32 ; ; 4 ; 1 ; ; 1 ; ; 3 ; 3 ;;; 14 ; 22 ; 26 ; 15 ; 8 ; 9 ; 10 ; 23 ; 3 ; 4 
Corinthians;Vasco;2018;35; 1 ; ; 42% ; 58% ; 2 ; 6 ;;; ; 1 ; 1 ; 5 ; 7 ; 6 ;;; 56 ; 77 ; 32 ; 42 ; 3 ; 1 ;;;;; 2 ; 2 ;;; 22 ; 11 ; 15 ; 25 ; 7 ; 12 ; 24 ; 23 ; 5 ; 9 
Atletico Mg;Bahia;2018;35; 1 ; ; 51% ; 49% ; 6 ; 2 ;;;;; 1 ; 1 ; 6 ; 4 ;;; 68 ; 65 ; 36 ; 36 ; 3 ; 2 ;;;;; 3 ; 3 ; 1 ; ; 16 ; 24 ; 26 ; 19 ; 8 ; 9 ; 24 ; 35 ; 10 ; 4 
Gremio;Chapecoense;2018;35; 2 ; ; 64% ; 36% ; 9 ; 3 ;;; ; 1 ;;; 4 ; 4 ;;; 78 ; 51 ; 52 ; 34 ; 3 ; 1 ;;;;; 2 ; 2 ;;; 12 ; 20 ; 21 ; 16 ; 10 ; 7 ; 18 ; 12 ; 4 ; 2 
Santos;Botafogo;2018;36; 1 ; 1 ; 48% ; 52% ; 4 ; 2 ;;; 1 ; 1 ; 5 ; 4 ; 6 ; 5 ;;; 67 ; 76 ; 44 ; 36 ; ; 1 ;;;;; 2 ; 2 ; ; ; 18 ; 16 ; 17 ; 19 ; 5 ; 6 ; 19 ; 16 ; 9 ; 5 
Cruzeiro;Vitoria;2018;36; 3 ; ; 51% ; 49% ; 7 ; 2 ;;; 1 ; 1 ; ; 2 ; 4 ; 11 ;;; 50 ; 49 ; 33 ; 31 ; 2 ; 6 ; 1 ; ;;; 2 ; 1 ;;; 18 ; 11 ; 19 ; 20 ; 11 ; 6 ; 13 ; 13 ; 6 ; 8 
Fluminense;Ceara;2018;35;;; 57% ; 43% ; 2 ; 4 ;;;;; 2 ; 2 ; 8 ; 6 ;;; 63 ; 47 ; 39 ; 30 ; 5 ; 1 ;;;;; 4 ; 3 ;;; 13 ; 24 ; 25 ; 21 ; 11 ; 9 ; 22 ; 27 ; 2 ; 4 
Atletico Pr;Corinthians;2018;36; 1 ; ; 51% ; 49% ; 7 ; 2 ;;;;; 3 ; 4 ; 7 ; 4 ;;; 69 ; 69 ; 34 ; 27 ; 1 ; ;;;;; 2 ; 4 ;;; 18 ; 13 ; 14 ; 19 ; 5 ; 11 ; 18 ; 15 ; 8 ; 5 
Internacional;Atletico Mg;2018;36; 1 ; 2 ; 56% ; 44% ; 3 ; 1 ;;; ; 1 ; 1 ; 1 ; 8 ; 6 ;;; 72 ; 58 ; 55 ; 37 ; 2 ; ; 1 ; ;;; 1 ; 2 ;;; 10 ; 14 ; 15 ; 13 ; 9 ; 14 ; 35 ; 17 ; 11 ; 4 
Chapecoense;Sport;2018;36; 2 ; 1 ; 42% ; 58% ; 9 ; 7 ;;;;; 1 ; ; 3 ; 4 ;;; 66 ; 74 ; 36 ; 43 ; 1 ; 1 ; 1 ; ;;; 2 ; ;;; 18 ; 11 ; 12 ; 24 ; 7 ; 9 ; 26 ; 31 ; 7 ; 6 
Bahia;Fluminense;2018;36; 2 ; ; 55% ; 45% ; 5 ; 1 ;;;;; 2 ; 4 ; 5 ; 2 ;;; 56 ; 38 ; 32 ; 21 ; 1 ; 2 ;;;;; 2 ; 1 ;;; 21 ; 9 ; 11 ; 24 ; 4 ; 8 ; 17 ; 17 ; 3 ; 1 
Santos;Atletico Mg;2018;37; 3 ; 2 ; 47% ; 53% ; 6 ; 2 ;;;;; 1 ; 1 ; 9 ; 9 ;;; 82 ; 93 ; 57 ; 67 ;;;;;;; 4 ; 1 ; 1 ; ; 19 ; 15 ; 15 ; 19 ; 11 ; 11 ; 13 ; 17 ; 9 ; 8 
Vasco;Sao Paulo;2018;36; 2 ; ; 38% ; 62% ; ; 3 ;;;;; 1 ; 1 ; 4 ; 6 ;;; 42 ; 60 ; 25 ; 33 ; 2 ; 2 ;;;;; 2 ; 4 ;;; 18 ; 22 ; 24 ; 20 ; 7 ; 6 ; 27 ; 20 ; 3 ; 7 
Cruzeiro;Flamengo;2018;37; ; 2 ; 53% ; 47% ; 11 ; 5 ;;;;; 6 ; 1 ; 9 ; 1 ;;; 64 ; 48 ; 46 ; 25 ;;;;;;; 6 ; 3 ;;; 9 ; 5 ; 9 ; 10 ; 3 ; 11 ; 19 ; 17 ; 8 ; 6 
Ceara;Parana Clube;2018;36;;;;;;;;;;;;;;;;;;;;;;;;;;;;;;;;;;;;;;;;
Palmeiras;America Mineiro;2018;36; 4 ; ; 49% ; 51% ; 6 ; ;;;;; 1 ; ; 12 ; ;;; 82 ; 71 ; 57 ; 36 ; 3 ; ;;;;; ; 5 ;;; 11 ; 17 ; 20 ; 16 ; 2 ; 14 ; 21 ; 20 ; 9 ; 2 
Flamengo;Gremio;2018;36; 2 ; ; 45% ; 55% ; 6 ; 4 ;;; 1 ; ; 2 ; 3 ; 7 ; 9 ;;; 52 ; 62 ; 39 ; 39 ;;;;;;; 2 ; 3 ;;; 16 ; 13 ; 14 ; 17 ; 10 ; 7 ; 11 ; 21 ; 8 ; 4 
Corinthians;Chapecoense;2018;37;;; 64% ; 36% ; 1 ; 4 ;;;;; 2 ; 1 ; 9 ; 10 ;;; 111 ; 91 ; 82 ; 66 ; ; 1 ;;;;; 2 ; 1 ;;; 12 ; 13 ; 14 ; 13 ; 18 ; 13 ; 27 ; 11 ; 9 ; 4 
Internacional;Fluminense;2018;37; 2 ; ; 60% ; 40% ; 2 ; 4 ;;;;; 4 ; 2 ; 11 ; 3 ;;; 69 ; 44 ; 52 ; 31 ; 1 ; 1 ;;; ; 1 ; 3 ; 2 ;;; 12 ; 17 ; 18 ; 13 ; 6 ; 15 ; 26 ; 22 ; 8 ; 4 
Atletico Pr;Ceara;2018;37; 2 ; 2 ; 59% ; 41% ; 1 ; 2 ;;; ; 1 ; 4 ; 1 ; 10 ; 7 ;;; 76 ; 66 ; 44 ; 28 ; 5 ; 2 ; ; 1 ;;; 3 ; 4 ;;; 18 ; 18 ; 21 ; 23 ; 10 ; 12 ; 20 ; 11 ; 10 ; 4 
Vasco;Palmeiras;2018;37; ; 1 ; 47% ; 53% ; 5 ; 3 ;;;;; 3 ; ; 1 ; 8 ;;; 49 ; 51 ; 27 ; 34 ; ; 2 ;;;;; 3 ; 5 ; 1 ; ; 17 ; 17 ; 19 ; 17 ; 9 ; 1 ; 15 ; 15 ; 5 ; 14 
America Mineiro;Bahia;2018;37; 1 ; ; 46% ; 54% ; 4 ; 3 ;;; ; 1 ; 1 ; ; 7 ; 11 ;;; 74 ; 75 ; 44 ; 48 ; 3 ; 2 ;;; ; 1 ; 2 ; 2 ;;; 20 ; 21 ; 23 ; 23 ; 17 ; 8 ; 17 ; 29 ; 1 ; 4 
Vitoria;Gremio;2018;37;;; 46% ; 54% ; 4 ; 8 ;;; ; 2 ; 1 ; 4 ; 9 ; 4 ;;; 44 ; 63 ; 28 ; 48 ; ; 1 ;;;;; 2 ; 4 ;;; 14 ; 20 ; 21 ; 15 ; 8 ; 6 ; 9 ; 19 ; 7 ; 9 
Flamengo;Atletico Pr;2018;38; 1 ; 2 ; 52% ; 48% ; 5 ; 1 ;;;;; 1 ; 3 ; 6 ; 5 ;;; 62 ; 56 ; 40 ; 31 ; 1 ; ;;; 1 ; ; 4 ; 1 ; ; 1 ; 18 ; 19 ; 19 ; 20 ; 9 ; 8 ; 24 ; 24 ; 6 ; 1 
Chapecoense;Sao Paulo;2018;38; 1 ; ; 47% ; 53% ; 3 ; 1 ;;; 1 ; ; 1 ; 1 ; 3 ; 2 ;;; 77 ; 66 ; 36 ; 32 ; 2 ; 3 ;;;;; ; 3 ;;; 11 ; 21 ; 26 ; 13 ; 4 ; 7 ; 33 ; 25 ; 5 ; 1 
Atletico Mg;Botafogo;2018;38; 1 ; ; 48% ; 52% ; 6 ; 2 ;;;;; 1 ; 3 ; 6 ; 4 ;;; 41 ; 53 ; 24 ; 29 ; ; 2 ;;;;; 4 ; 3 ;;; 12 ; 16 ; 19 ; 14 ; 10 ; 6 ; 23 ; 34 ; 5 ; 10 
Fluminense;America Mineiro;2018;38; 1 ; ; 43% ; 57% ; 3 ; 7 ;;; 1 ; ; 2 ; 2 ; 4 ; 9 ;;; 61 ; 72 ; 31 ; 39 ; 3 ; ; ; 1 ;;; 4 ; 2 ;;; 13 ; 19 ; 19 ; 16 ; 14 ; 5 ; 20 ; 23 ; 4 ; 8 
Bahia;Cruzeiro;2018;38;;; 44% ; 56% ; ; 7 ;;; ; 1 ; 3 ; 2 ; 10 ; 5 ;;; 59 ; 51 ; 37 ; 27 ; ; 3 ;;;;; 4 ; 1 ;;; 16 ; 11 ; 18 ; 18 ; 6 ; 15 ; 17 ; 23 ; 7 ; 8 
Parana Clube;Internacional;2018;38; 1 ; 1 ; 47% ; 53% ; 4 ; 1 ;;;;; 2 ; ; 9 ; 4 ;;; 73 ; 74 ; 40 ; 39 ; 2 ; 3 ;;;;; 1 ; 2 ; 1 ; ; 14 ; 15 ; 18 ; 16 ; 6 ; 10 ; 30 ; 23 ; 5 ; 6 
Botafogo;Parana Clube;2018;37; 2 ; 1 ; 53% ; 47% ; 4 ; 3 ;;;;; 1 ; 2 ; 6 ; 4 ;;; 73 ; 57 ; 38 ; 36 ; 4 ; 2 ;;;;; 1 ; 3 ;;; 12 ; 15 ; 18 ; 17 ; 8 ; 9 ; 27 ; 30 ; 5 ; 4 
Sport;Santos;2018;38; 2 ; 1 ; 49% ; 51% ; 3 ; 5 ;;;;;;; 2 ; 6 ;;; 60 ; 63 ; 32 ; 29 ; 5 ; ;;;;; 3 ; 1 ;;; 19 ; 21 ; 21 ; 26 ; 7 ; 7 ; 21 ; 28 ; 1 ; 1 
Ceara;Vasco;2018;38;;; 49% ; 51% ; 3 ; 1 ;;;;; 2 ; 5 ; 7 ; 1 ;;; 63 ; 54 ; 42 ; 30 ; 1 ; 4 ;;; 1 ; ; 3 ; 2 ;;; 18 ; 12 ; 16 ; 19 ; 2 ; 8 ; 23 ; 18 ; 6 ; 3 
Gremio;Corinthians;2018;38; 1 ; ; 53% ; 47% ; 1 ; 1 ;;;;; 1 ; ; 4 ; 1 ;;; 69 ; 67 ; 49 ; 31 ; 1 ; ;;; ; ; 2 ; 4 ;;; 9 ; 15 ; 15 ; 10 ; 2 ; 6 ; 16 ; 23 ; 7 ; 5 
Palmeiras;Vitoria;2018;38; 3 ; 2 ; 54% ; 46% ; 5 ; 1 ;;;;; 2 ; 1 ; 13 ; 7 ;;; 69 ; 54 ; 49 ; 31 ; 3 ; ; ; 1 ;;; 2 ; 2 ;;; 10 ; 7 ; 7 ; 13 ; 10 ; 15 ; 8 ; 16 ; 10 ; 2 
Sao Paulo;Sport;2018;37;;; 68% ; 32% ; 6 ; 3 ;;; 1 ; ;;; 7 ; 2 ;;; 109 ; 51 ; 64 ; 24 ; 7 ; 1 ; 1 ; ;;; 2 ; 3 ; ; 1 ; 13 ; 18 ; 21 ; 22 ; 3 ; 17 ; 27 ; 18 ; 7 ; 5 
