URL,home_team,away_team,season_year,season_round,home_team_goals,away_team_goals,home_team_possession,away_team_possession,home_team_shots_on_target,away_team_shots_on_target,home_team_shots_target,away_team_shots_target,home_team_shots_woodwork,away_team_shots_woodwork,home_team_shots_blocked,away_team_shots_blocked,home_team_shots_off_target,away_team_shots_off_target,home_team_shots_wide,away_team_shots_wide,home_team_attacks,away_team_attacks,home_team_dangerous_attacks,away_team_dangerous_attacks,home_team_offsides,away_team_offsides,home_team_penalties,away_team_penalties,home_team_yellow_red_cards,away_team_yellow_red_cards,home_team_yellow_cards,away_team_yellow_cards,home_team_red_cards,away_team_red_cards,home_team_fouls,away_team_fouls,home_team_free_kicks,away_team_free_kicks,home_team_goal_kicks,away_team_goal_kicks,home_team_throw_ins,away_team_throw_ins,home_team_corners,away_team_corners
https://www.academiadasapostasbrasil.com/stats/match/brasil/brasileirao-serie-a/cruzeiro/gremio/2729237/live,Cruzeiro,Gremio,2018,1, ,1, 42% , 58% ,8,3,,,,,1, ,5,2,,,54,57,44,30, ,2,,,,,3,1, ,1,20,15,17,20,3,5,13,12,7,4
https://www.academiadasapostasbrasil.com/stats/match/brasil/brasileirao-serie-a/santos/ceara/2729244/live,Santos,Ceara,2018,1,2, , 52% , 48% ,1,2,,,,,5,4,13,4,,,69,53,53,36,1, ,,,,, ,1,,,8,5,5,9,7,16,21,21,4,2
https://www.academiadasapostasbrasil.com/stats/match/brasil/brasileirao-serie-a/vitoria/flamengo/2729240/live,Vitoria,Flamengo,2018,1,2,2, 63% , 37% ,3,4,,,,,2, ,9,3,,,48,38,41,30,2,2,1, ,,,3,2, ,1,23,9,11,25,4,11,18,19,4,5
https://www.academiadasapostasbrasil.com/stats/match/brasil/brasileirao-serie-a/corinthians/fluminense/2729245/live,Corinthians,Fluminense,2018,1,2,1, 62% , 38% , ,5,,,,,3,2,6,7,,,54,49,34,33,,,,,,,,,,,14,15,15,14,8,10,25,29,6,2
https://www.academiadasapostasbrasil.com/stats/match/brasil/brasileirao-serie-a/internacional/bahia/2729246/live,Internacional,Bahia,2018,1,2, , 44% , 56% ,2,2,,,,,2,4,6,5,,,59,70,39,49,1,1,,,,,2, ,,,15,18,19,16,7,9,23,32,4,3
https://www.academiadasapostasbrasil.com/stats/match/brasil/brasileirao-serie-a/atletico-pr/chapecoense/2729238/live,Atletico Pr,Chapecoense,2018,1,5,1, 64% , 36% ,5,1,,,,,3,4,5,6,,,52,48,39,31,3,1,,,,,1,3,,,10,16,17,13,9,9,19,18,3,9
https://www.academiadasapostasbrasil.com/stats/match/brasil/brasileirao-serie-a/america-mineiro/sport/2729239/live,America Mineiro,Sport,2018,1,3, , 39% , 61% ,2,5,,,,, ,3,8,6,,,53,56,22,33,4,3,,,,,1,3,,,12,12,15,16,10,9,18,25,2,6
https://www.academiadasapostasbrasil.com/stats/match/brasil/brasileirao-serie-a/vasco/atletico-mg/2729241/live,Vasco,Atletico Mg,2018,1,1,1, 67% , 33% ,8,7,,,1, ,2, ,6,4,,,56,35,39,21,3,2,1, ,,,4,3,,,11,18,20,14,5,8,28,19,9,3
https://www.academiadasapostasbrasil.com/stats/match/brasil/brasileirao-serie-a/botafogo/palmeiras/2729242/live,Botafogo,Palmeiras,2018,1,1,1, 48% , 52% ,4,4,,,,,2, ,6,1,,,58,67,43,53,,,,,,,1,4,,,7,23,23,7,3,7,25,29,8,3
https://www.academiadasapostasbrasil.com/stats/match/brasil/brasileirao-serie-a/fluminense/cruzeiro/2729251/live,Fluminense,Cruzeiro,2018,2,1, , 36% , 64% ,2,6,,, ,1, ,3, ,5,,,47,65,23,50, ,3,,,,,3,2,1, ,13,19,22,13,6,1,18,16,1,7
https://www.academiadasapostasbrasil.com/stats/match/brasil/brasileirao-serie-a/ceara/sao-paulo/2729253/live,Ceara,Sao Paulo,2018,2,,, 55% , 45% ,3,3,,,,,6,1,3,7,,,70,65,47,37,1,1,,,,,1,1,,,12,7,8,13,6,5,24,10,7,7
https://www.academiadasapostasbrasil.com/stats/match/brasil/brasileirao-serie-a/flamengo/america-mineiro/2729252/live,Flamengo,America Mineiro,2018,2,2, , 52% , 48% ,3,7,,,,, ,3,5,3,,,42,49,27,33,1, ,1, ,,,1,1,,,15,16,16,16,11,8,14,33,6,12
https://www.academiadasapostasbrasil.com/stats/match/brasil/brasileirao-serie-a/parana-clube/corinthians/2729248/live,Parana Clube,Corinthians,2018,2, ,4, 57% , 43% ,8, ,,,1, ,3,1,4,2,,,68,64,40,26,2,1,,,,,1,1,,,16,16,17,18,5,13,28,15,5,2
https://www.academiadasapostasbrasil.com/stats/match/brasil/brasileirao-serie-a/bahia/santos/2729250/live,Bahia,Santos,2018,2,1, , 50% , 50% ,4,3,,,1, ,1, ,5,3,,,64,43,38,23,2,3,,,,,3,3,,,28,22,25,30,7,9,19,18,7,6
https://www.academiadasapostasbrasil.com/stats/match/brasil/brasileirao-serie-a/sao-paulo/parana-clube/2729243/live,Sao Paulo,Parana Clube,2018,1,1, , 55% , 45% ,5,1,,,,,1, ,2,5,,,101,75,58,29,3,2,,,,,4,2,,,19,15,17,22,5,7,19,22,7,7
https://www.academiadasapostasbrasil.com/stats/match/brasil/brasileirao-serie-a/atletico-mg/vitoria/2729247/live,Atletico Mg,Vitoria,2018,2,2,1, 59% , 41% ,2,5,,,3, ,2,1,3,6,,,60,53,45,33,6,1,,,,,2,4,,,22,19,20,28,11,7,24,20,6,5
https://www.academiadasapostasbrasil.com/stats/match/brasil/brasileirao-serie-a/chapecoense/vasco/2729249/live,Chapecoense,Vasco,2018,2,1,1, 42% , 58% ,1,7,,,,,2,1,6,6,,,68,76,23,39,2,2,,,,,1,2,,,13,8,10,15,7,12,17,19,3,3
https://www.academiadasapostasbrasil.com/stats/match/brasil/brasileirao-serie-a/parana-clube/sport/2729258/live,Parana Clube,Sport,2018,3,1,2, 67% , 33% ,11,2,,,,,4,2,7,4,,,66,61,45,26,2,3,,,,,1,1,,,14,15,18,16,6,11,35,18,8,1
https://www.academiadasapostasbrasil.com/stats/match/brasil/brasileirao-serie-a/atletico-mg/corinthians/2729257/live,Atletico Mg,Corinthians,2018,3,1, , 57% , 43% ,5,2,,,3, ,6,1,5,1,,,70,48,52,26,2, ,,,,,4,3,,,25,14,14,27,4,10,28,25,10, 
https://www.academiadasapostasbrasil.com/stats/match/brasil/brasileirao-serie-a/sport/botafogo/2729254/live,Sport,Botafogo,2018,2,1,1, 54% , 46% ,11,1,,,,,4,3,4,6,,,64,50,38,30,2, ,,,,,1,3,,,13,14,15,16,8,9,25,19,10,7
https://www.academiadasapostasbrasil.com/stats/match/brasil/brasileirao-serie-a/palmeiras/internacional/2729255/live,Palmeiras,Internacional,2018,2,1, , 45% , 55% ,2,2,,,1, ,2, ,8,4,,,73,72,49,48, ,2,,,,,2,2,,,14,15,17,14,5,11,22,27,8,9
https://www.academiadasapostasbrasil.com/stats/match/brasil/brasileirao-serie-a/botafogo/gremio/2729262/live,Botafogo,Gremio,2018,3,2,1, 58% , 42% ,6,2,,,1, ,5,2,6,4,,,59,56,43,41, ,2,,,,,1,1,,,14,12,14,14,7,8,17,19,10,4
https://www.academiadasapostasbrasil.com/stats/match/brasil/brasileirao-serie-a/bahia/atletico-pr/2729260/live,Bahia,Atletico Pr,2018,3,,, 43% , 57% ,8,2,,,1,1,2,1,10,4,,,47,49,38,28,2,1,,,,,2,2,,,23,12,13,25,7,12,13,9,8,2
https://www.academiadasapostasbrasil.com/stats/match/brasil/brasileirao-serie-a/fluminense/sao-paulo/2729261/live,Fluminense,Sao Paulo,2018,3,1,1, 57% , 43% ,3,1,,,1,1,2,3,4,6,,,56,45,32,32,2, ,,,,,3,2,,,16,16,16,19,8,6,25,26,7,8
https://www.academiadasapostasbrasil.com/stats/match/brasil/brasileirao-serie-a/gremio/atletico-pr/2729256/live,Gremio,Atletico Pr,2018,2,,, 54% , 46% ,10,2,,,1, ,4,3,10,3,,,76,57,66,41,3,1,,, ,1,3,3,,,9,15,16,12,8,14,14,17,7,4
https://www.academiadasapostasbrasil.com/stats/match/brasil/brasileirao-serie-a/america-mineiro/vitoria/2729259/live,America Mineiro,Vitoria,2018,3,2,1, 41% , 59% ,8,4,,, ,1,1, ,4,5,,,61,61,40,49, ,3,,,1, ,2,2,,,14,11,14,14,10,10,16,32,8,7
https://www.academiadasapostasbrasil.com/stats/match/brasil/brasileirao-serie-a/palmeiras/chapecoense/2729265/live,Palmeiras,Chapecoense,2018,3, , , 72% , 28% ,5, ,,,1, ,3,1,8,5,,,64,31,44,17,1,2,,,,,4,6,,,18,15,17,19,5,13,27,14,14,1
https://www.academiadasapostasbrasil.com/stats/match/brasil/brasileirao-serie-a/santos/vasco/2729264/live,Santos,Vasco,2018,3,1,1, 55% , 45% ,2,2,,,1, , ,2,7,7,,,73,61,42,35,2, ,,, ,1,1,3,,,12,16,17,14,9,9,16,25,10,6
https://www.academiadasapostasbrasil.com/stats/match/brasil/brasileirao-serie-a/sao-paulo/atletico-mg/2729273/live,Sao Paulo,Atletico Mg,2018,4,2,2, 45% , 55% , ,3,,,,,1,1,3,3,,,61,59,44,41,1,2,,,,,4,4,,,17,14,16,18,11,5,16,18,6,7
https://www.academiadasapostasbrasil.com/stats/match/brasil/brasileirao-serie-a/ceara/flamengo/2729263/live,Ceara,Flamengo,2018,3, ,3, 45% , 55% ,1,7,,,,,2,1,4,6,,,41,48,30,39,1,2,,,,,1,2,,,17,14,16,18,9,7,18,17,2,5
https://www.academiadasapostasbrasil.com/stats/match/brasil/brasileirao-serie-a/vasco/america-mineiro/2729271/live,Vasco,America Mineiro,2018,4,4,1, 61% , 39% ,4,2,,,1, ,5,1,5,1,,,63,47,43,26,4, , ,1,,,4,4,,,14,23,23,18,2,6,28,23,3,3
https://www.academiadasapostasbrasil.com/stats/match/brasil/brasileirao-serie-a/internacional/cruzeiro/2729266/live,Internacional,Cruzeiro,2018,3,,, 62% , 38% ,9,1,,,1, ,1,1,10,6,,,68,62,54,35,4, ,,,,,4,3,,,16,15,15,20,9,10,17,11,18,4
https://www.academiadasapostasbrasil.com/stats/match/brasil/brasileirao-serie-a/corinthians/ceara/2729275/live,Corinthians,Ceara,2018,4,1,1, 61% , 39% ,3,2,,,,,1, ,7,1,,,94,61,52,28,2,3,,,,,2,4,,,11,20,23,13,1,13,24,13,12,2
https://www.academiadasapostasbrasil.com/stats/match/brasil/brasileirao-serie-a/chapecoense/parana-clube/2729269/live,Chapecoense,Parana Clube,2018,4,1,1, 45% , 55% ,1,2,,,,, ,1,10,13,,,65,79,36,49, ,1,,,,,1,2, ,1,10,16,17,10,15,12,22,42,6,4
https://www.academiadasapostasbrasil.com/stats/match/brasil/brasileirao-serie-a/flamengo/internacional/2729272/live,Flamengo,Internacional,2018,4,2, , 56% , 44% ,6,8,,,,,1,1,5,3,,,55,41,37,28,1, ,,,,,5,4, ,1,10,11,13,11,5,7,22,17,6,6
https://www.academiadasapostasbrasil.com/stats/match/brasil/brasileirao-serie-a/sport/bahia/2729274/live,Sport,Bahia,2018,4,2, , 48% , 52% ,9,3,,, ,1,1,1,7,2,,,49,43,33,24,1, ,,, ,1,1,2,,,17,21,21,18,7,9,20,23,9,7
https://www.academiadasapostasbrasil.com/stats/match/brasil/brasileirao-serie-a/vitoria/fluminense/2729270/live,Vitoria,Fluminense,2018,4,1,2, 38% , 62% ,2,4,,,,,4,2,2,7,,,41,47,28,39,4,1,,,,,2,1,,,18,7,8,22,10,4,11,25,3,9
https://www.academiadasapostasbrasil.com/stats/match/brasil/brasileirao-serie-a/cruzeiro/botafogo/2729267/live,Cruzeiro,Botafogo,2018,4,1, , 53% , 47% ,6,1,,, ,1,4,1,9,4,,,50,46,37,22,5,1,,,,,1,4,,,18,12,13,24,8,11,20,12,8,6
https://www.academiadasapostasbrasil.com/stats/match/brasil/brasileirao-serie-a/gremio/santos/2729276/live,Gremio,Santos,2018,4,5,1, 62% , 38% ,3,1,,,1, ,3,2,5,3,,,70,34,55,24,,,,,,,1,3,,,15,22,22,15,3,9,12,18,8,1
https://www.academiadasapostasbrasil.com/stats/match/brasil/brasileirao-serie-a/gremio/internacional/2729286/live,Gremio,Internacional,2018,5,,, 71% , 29% ,1,1,,,,,,,13,3,,,80,46,62,29,,,,,,,3,4,,,13,24,24,13,5,14,18,14,11,1
https://www.academiadasapostasbrasil.com/stats/match/brasil/brasileirao-serie-a/atletico-pr/palmeiras/2729268/live,Atletico Pr,Palmeiras,2018,4,1,3, 56% , 44% ,4,2,,,,,1, ,4,8,,,63,66,44,35,3,1,,,,,1,2,,,10,15,16,13,8,11,21,18,3,6
https://www.academiadasapostasbrasil.com/stats/match/brasil/brasileirao-serie-a/cruzeiro/sport/2729277/live,Cruzeiro,Sport,2018,5,2, , 59% , 41% ,3,6,,,,,4, ,7,4,,,55,38,37,26,4,2,,,,,2,3,,,16,15,18,22,5,12,12,12,7,4
https://www.academiadasapostasbrasil.com/stats/match/brasil/brasileirao-serie-a/botafogo/fluminense/2729282/live,Botafogo,Fluminense,2018,5,2,1, 39% , 61% ,4,7,,,,, ,2,4,10,,,52,62,38,48,2,1,,,,,2,2,,,12,12,13,14,13,9,16,19,5,9
https://www.academiadasapostasbrasil.com/stats/match/brasil/brasileirao-serie-a/chapecoense/flamengo/2729279/live,Chapecoense,Flamengo,2018,5,3,2, 45% , 55% , ,3,,,1, ,1,3,4,6,,,64,79,21,32,1,3,1, ,,,2,3,,,18,17,20,19,10,8,17,21,3,7
https://www.academiadasapostasbrasil.com/stats/match/brasil/brasileirao-serie-a/vasco/vitoria/2729281/live,Vasco,Vitoria,2018,5,2,3, 65% , 35% ,7,3,,, ,1,6,2,7,2,,,56,45,42,23,1, ,2, ,,,2,3,,,16,18,18,17,6,10,28,21,7,2
https://www.academiadasapostasbrasil.com/stats/match/brasil/brasileirao-serie-a/santos/parana-clube/2729284/live,Santos,Parana Clube,2018,5,3,1, 55% , 45% ,2,3,,,,,1,1,2,8,,,76,70,41,44,3, ,,,,,1,2,,,13,15,15,16,10,7,23,22,6,5
https://www.academiadasapostasbrasil.com/stats/match/brasil/brasileirao-serie-a/corinthians/palmeiras/2729285/live,Corinthians,Palmeiras,2018,5,1, , 51% , 49% ,4,4,,, ,3,1, ,3,1,,,37,49,25,29, ,2,,,,,2,3,,,15,20,22,15,7,5,30,25,10,3
https://www.academiadasapostasbrasil.com/stats/match/brasil/brasileirao-serie-a/atletico-pr/atletico-mg/2729278/live,Atletico Pr,Atletico Mg,2018,5,1,2, 60% , 40% ,7,12,,,1,1,3, ,6,8,,,56,51,32,37,1, ,,,,,2,2,,,15,16,16,16,9,5,19,20,6,10
https://www.academiadasapostasbrasil.com/stats/match/brasil/brasileirao-serie-a/bahia/sao-paulo/2729280/live,Bahia,Sao Paulo,2018,5,2,2, 46% , 54% ,3,4,,,1, ,1, ,3,4,,,54,56,33,38,1, ,1, ,,,5,3,,,19,12,12,20,6,8,23,32,3,3
https://www.academiadasapostasbrasil.com/stats/match/brasil/brasileirao-serie-a/vitoria/ceara/2729290/live,Vitoria,Ceara,2018,6,2,1, 47% , 53% ,2,6,,,,,3,1,6,5,,,50,61,39,48,1,1,1, ,,,4, ,,,10,15,17,12,10,9,15,21,7,4
https://www.academiadasapostasbrasil.com/stats/match/brasil/brasileirao-serie-a/atletico-mg/cruzeiro/2729287/live,Atletico Mg,Cruzeiro,2018,6,1, , 60% , 40% ,6,2,,,,,1, ,9,9,,,56,45,44,28, ,1,,, ,1,3,2,,,11,15,17,12,11,13,21,25,3,6
https://www.academiadasapostasbrasil.com/stats/match/brasil/brasileirao-serie-a/america-mineiro/botafogo/2729289/live,America Mineiro,Botafogo,2018,6,1, , 44% , 56% ,2,1,,,,,5,1,6,7,,,51,55,32,29,2,5,,,,,2,4,,,19,10,16,21,10,10,19,26,5,2
https://www.academiadasapostasbrasil.com/stats/match/brasil/brasileirao-serie-a/palmeiras/bahia/2729295/live,Palmeiras,Bahia,2018,6,3, , 54% , 46% ,3,5,,,1,1,2,4,4,4,,,58,41,41,26,4,1,,,,,3,2,,,16,12,13,21,5,8,23,23,5,4
https://www.academiadasapostasbrasil.com/stats/match/brasil/brasileirao-serie-a/flamengo/vasco/2729292/live,Flamengo,Vasco,2018,6,1,1, 57% , 43% ,2,7,,,,,2,1,5,7,,,59,45,34,27,2, ,,,,,2,3,2,2,15,22,23,18,7,10,23,14,6,11
https://www.academiadasapostasbrasil.com/stats/match/brasil/brasileirao-serie-a/ceara/america-mineiro/2729283/live,Ceara,America Mineiro,2018,5,2,2, 60% , 40% ,8,1,,,,,4,3,8,3,,,71,44,49,24,2,2,1, ,,,1,3,,,16,18,20,18,5,13,34,19,8,2
https://www.academiadasapostasbrasil.com/stats/match/brasil/brasileirao-serie-a/parana-clube/gremio/2729288/live,Parana Clube,Gremio,2018,6, , , 31% , 69% ,1,2,,,,,1, ,4,5,,,55,63,25,48, ,1,,,,,2,1,,,16,17,19,16,8,8,22,19,1,9
https://www.academiadasapostasbrasil.com/stats/match/brasil/brasileirao-serie-a/sao-paulo/santos/2729293/live,Sao Paulo,Santos,2018,6,1, , 43% , 57% , ,3,,,1, ,1,1,10,4,,,72,72,54,48,2,1,,,1, ,4,2,,,12,6,7,15,11,12,20,36,4,2
https://www.academiadasapostasbrasil.com/stats/match/brasil/brasileirao-serie-a/parana-clube/atletico-pr/2729298/live,Parana Clube,Atletico Pr,2018,7,,, 42% , 58% ,6,2,,,1, ,4, ,7,5,,,55,59,32,39,1,1,,,,,3,1,,,8,14,15,9,12,7,21,25,10,4
https://www.academiadasapostasbrasil.com/stats/match/brasil/brasileirao-serie-a/fluminense/chapecoense/2729301/live,Fluminense,Chapecoense,2018,7,3,1, 40% , 60% ,1,5,,,1,1, ,3,5,5,,,53,64,22,38,,,,,,,1,1,,,21,14,14,21,8,8,18,30,1,6
https://www.academiadasapostasbrasil.com/stats/match/brasil/brasileirao-serie-a/palmeiras/sport/2729305/live,Palmeiras,Sport,2018,7,2,3, 62% , 38% ,3,6,,,1,1,1, ,6,3,,,69,44,51,28,4, ,1, , ,1,3,3,,,16,9,9,20,3,14,27,18,9,3
https://www.academiadasapostasbrasil.com/stats/match/brasil/brasileirao-serie-a/sport/corinthians/2729294/live,Sport,Corinthians,2018,6,1,1, 46% , 54% ,5,2,,,,,1, ,8,3,,,56,51,42,31,1,2,,,,,2,3,,,19,14,17,20,6,10,22,21,3,5
https://www.academiadasapostasbrasil.com/stats/match/brasil/brasileirao-serie-a/internacional/chapecoense/2729296/live,Internacional,Chapecoense,2018,6,3, , 52% , 48% ,3,3,,, ,1,4,1,7,5,,,68,63,56,41,1, ,,,,,1,2,,,15,15,15,16,8,9,18,19,2,2
https://www.academiadasapostasbrasil.com/stats/match/brasil/brasileirao-serie-a/atletico-mg/flamengo/2729297/live,Atletico Mg,Flamengo,2018,7, ,1, 68% , 32% ,5,3,,,2, ,2,1,8,3,,,80,60,56,34, ,4,,,,,1,4,,,15,13,17,15,4,9,31,10,14,1
https://www.academiadasapostasbrasil.com/stats/match/brasil/brasileirao-serie-a/fluminense/atletico-pr/2729291/live,Fluminense,Atletico Pr,2018,6,2, , 37% , 63% ,4,3,,,,,1,4,5,9,,,46,78,23,48,2,1,,,,,1,2,,,13,16,17,15,15,5,19,15,3,6
https://www.academiadasapostasbrasil.com/stats/match/brasil/brasileirao-serie-a/bahia/vasco/2729300/live,Bahia,Vasco,2018,7,3, , 56% , 44% ,4,1,,,1, , ,3,3,1,,,55,52,29,26,3,2,,, ,1,1,6,,,19,16,18,23,5,6,16,19,4,2
https://www.academiadasapostasbrasil.com/stats/match/brasil/brasileirao-serie-a/sport/atletico-mg/2729314/live,Sport,Atletico Mg,2018,8,3,2, 46% , 54% ,4,6,,,,,2,1,4,5,,,61,58,44,36,3,4,1, ,,,4,2,,,14,9,14,17,7,9,17,18,1,3
https://www.academiadasapostasbrasil.com/stats/match/brasil/brasileirao-serie-a/vitoria/internacional/2729310/live,Vitoria,Internacional,2018,8,2,3, 50% , 50% ,5,3,,,,,6,1,10,3,,,46,47,37,29,2,2, ,1,,,3,2,,,12,12,14,15,5,13,15,27,10,4
https://www.academiadasapostasbrasil.com/stats/match/brasil/brasileirao-serie-a/america-mineiro/sao-paulo/2729299/live,America Mineiro,Sao Paulo,2018,7,1,3, 48% , 52% ,3,3,,,,,1,2,5,6,,,66,62,41,36,2,4, ,1,,,4,3,,,21,18,23,23,7,10,23,24,9,7
https://www.academiadasapostasbrasil.com/stats/match/brasil/brasileirao-serie-a/ceara/gremio/2729303/live,Ceara,Gremio,2018,7, ,1, 41% , 59% ,2,4,,, ,1,3,1,7,3,,,44,71,24,49,1, , , ,,,4,2,,,15,13,13,16,4,7,11,15,6,3
https://www.academiadasapostasbrasil.com/stats/match/brasil/brasileirao-serie-a/santos/cruzeiro/2729304/live,Santos,Cruzeiro,2018,7, ,1, 51% , 49% ,6,4,,,,,3,1,5,7,,,63,58,43,38,,,,,,,1,3,,,11,12,12,11,12,8,26,22,5,7
https://www.academiadasapostasbrasil.com/stats/match/brasil/brasileirao-serie-a/internacional/corinthians/2729306/live,Internacional,Corinthians,2018,7,2,1, 59% , 41% ,7,1,,,,,3, ,8,2,,,74,44,57,30,2, ,,,,,3,1,,,13,10,10,15,3,14,22,27,12,2
https://www.academiadasapostasbrasil.com/stats/match/brasil/brasileirao-serie-a/vasco/parana-clube/2729311/live,Vasco,Parana Clube,2018,8,1, , 47% , 53% ,5,4,,,,,,,9,4,,,56,49,39,26, ,3,1, ,,,3,3,1,1,23,18,21,23,6,11,22,15,4,2
https://www.academiadasapostasbrasil.com/stats/match/brasil/brasileirao-serie-a/botafogo/vitoria/2729302/live,Botafogo,Vitoria,2018,7,1,1, 57% , 43% ,3, ,,,,, ,1,4,2,,,63,59,59,44,6,2,,,,,1,4,,,10,18,20,16,6,8,26,23,6,1
https://www.academiadasapostasbrasil.com/stats/match/brasil/brasileirao-serie-a/gremio/fluminense/2729316/live,Gremio,Fluminense,2018,8, , , 65% , 35% ,9,4,,,,,2,2,8, ,,,74,47,69,28,1, ,,,,,1,5,,,20,12,13,21,3,13,21,12,8, 
https://www.academiadasapostasbrasil.com/stats/match/brasil/brasileirao-serie-a/chapecoense/ceara/2729309/live,Chapecoense,Ceara,2018,8,2, , 53% , 47% ,3,4,,,,,4,1,11,4,,,75,56,43,22,1,1,,,,,2,3,,,15,14,15,17,5,16,27,25,9,2
https://www.academiadasapostasbrasil.com/stats/match/brasil/brasileirao-serie-a/corinthians/america-mineiro/2729315/live,Corinthians,America Mineiro,2018,8,1, , 54% , 46% ,3,7,,,,,4, ,4,5,,,47,37,38,19,2,1,,, ,1,2,3,,,13,13,14,15,8,6,25,24,1,4
https://www.academiadasapostasbrasil.com/stats/match/brasil/brasileirao-serie-a/sao-paulo/botafogo/2729313/live,Sao Paulo,Botafogo,2018,8,3,2, 47% , 53% ,3,1,,,2,1,1, ,4,7,,,72,82,28,46,3,1,1, ,,,2,3,,,19,13,16,22,12,6,23,32,3,3
https://www.academiadasapostasbrasil.com/stats/match/brasil/brasileirao-serie-a/cruzeiro/palmeiras/2729307/live,Cruzeiro,Palmeiras,2018,8,1, , 46% , 54% ,3,4,,,,,3,2,4, ,,,78,80,38,30,3,1,,,,,3,6,,,26,18,19,29,1,2,27,21,3,3
https://www.academiadasapostasbrasil.com/stats/match/brasil/brasileirao-serie-a/atletico-pr/santos/2729308/live,Atletico Pr,Santos,2018,8,2, , 46% , 54% ,6,4,,,1, ,3,3,4,11,,,60,62,34,49,2,1,,,,,1,1,,,14,5,6,16,16,5,21,15,4,7
https://www.academiadasapostasbrasil.com/stats/match/brasil/brasileirao-serie-a/flamengo/bahia/2729312/live,Flamengo,Bahia,2018,8,2, , 56% , 44% ,3,7,,,1, ,5,3,5,6,,,53,60,33,36, ,2,,,,, ,2,,,8,6,8,10,9,9,18,22,4,5
https://www.academiadasapostasbrasil.com/stats/match/brasil/brasileirao-serie-a/atletico-mg/chapecoense/2729317/live,Atletico Mg,Chapecoense,2018,9,3,3, 61% , 39% ,3, ,,, ,1,3, ,13,3,,,53,41,39,17, ,6,1,1, ,1,2,4,,,14,15,24,14,3,14,24,22,6,3
https://www.academiadasapostasbrasil.com/stats/match/brasil/brasileirao-serie-a/santos/vitoria/2729324/live,Santos,Vitoria,2018,9,5,2, 52% , 48% ,6,3,,,1, ,4,1,5,3,,,75,54,38,21,5, ,,,,, ,4,,,11,16,17,17,2,10,14,19,8,11
https://www.academiadasapostasbrasil.com/stats/match/brasil/brasileirao-serie-a/palmeiras/sao-paulo/2729325/live,Palmeiras,Sao Paulo,2018,9,3,1, 51% , 49% ,1,3,,,,,3, ,2,5,,,43,39,32,24,2, ,,,,,4,4,,,20,23,23,23,9,2,23,34,5,9
https://www.academiadasapostasbrasil.com/stats/match/brasil/brasileirao-serie-a/flamengo/corinthians/2729322/live,Flamengo,Corinthians,2018,9,1, , 53% , 47% ,4,3,,,,,3,3,12,9,,,60,42,37,35,1, ,,,,,3,1,,,15,17,18,16,7,9,22,20,8,7
https://www.academiadasapostasbrasil.com/stats/match/brasil/brasileirao-serie-a/bahia/gremio/2729320/live,Bahia,Gremio,2018,9, ,2, 59% , 41% ,2,2,,,,,1, ,10,4,,,57,40,36,21, ,4, ,1,,,2,5,,,17,16,20,17,8,13,25,15,5,1
https://www.academiadasapostasbrasil.com/stats/match/brasil/brasileirao-serie-a/vasco/botafogo/2729321/live,Vasco,Botafogo,2018,9,1,2, 65% , 35% ,5,5,,,,,2,2,8,4,,,87,54,64,35,,,,,,,2,4,,,12,15,15,12,3,16,29,22,4,7
https://www.academiadasapostasbrasil.com/stats/match/brasil/brasileirao-serie-a/ceara/cruzeiro/2729323/live,Ceara,Cruzeiro,2018,9,0,1,,,,,,,,,,,,,,,,,,,,,,,,,,,,,,,,,,,,,,
https://www.academiadasapostasbrasil.com/stats/match/brasil/brasileirao-serie-a/internacional/sport/2729326/live,Internacional,Sport,2018,9,,, 59% , 41% ,5,4,,,1, ,4, ,8,5,,,63,60,50,41,2,1,,,,,3,3,,,13,15,16,15,7,17,33,24,14,3
https://www.academiadasapostasbrasil.com/stats/match/brasil/brasileirao-serie-a/america-mineiro/atletico-pr/2729319/live,America Mineiro,Atletico Pr,2018,9,3,1, 46% , 54% ,5,1,,, ,1,7,1,7,4,,,42,43,24,24,1,4,,,,,1,2,,,9,14,19,10,8,7,18,18,9,5
https://www.academiadasapostasbrasil.com/stats/match/brasil/brasileirao-serie-a/parana-clube/fluminense/2729318/live,Parana Clube,Fluminense,2018,9,2,1, 46% , 54% ,4,5,,,1, ,1,3,4,3,,,55,60,34,43,2,3,1, ,,,6,3,,,14,15,18,16,4,6,21,23,4,7
https://www.academiadasapostasbrasil.com/stats/match/brasil/brasileirao-serie-a/sport/atletico-pr/2729334/live,Sport,Atletico Pr,2018,10,1, , 36% , 64% ,2,4,,,,, ,1,8,2,,,70,87,30,45, ,2,,,,,2,4,,,12,18,22,12,5,12,18,24,1,6
https://www.academiadasapostasbrasil.com/stats/match/brasil/brasileirao-serie-a/sao-paulo/internacional/2729333/live,Sao Paulo,Internacional,2018,10,,, 54% , 46% ,4,4,,,,,1,2,4,7,,,72,62,55,38, ,1,,,,,4,2,,,29,8,9,30,9,9,30,20,6,3
https://www.academiadasapostasbrasil.com/stats/match/brasil/brasileirao-serie-a/corinthians/santos/2729335/live,Corinthians,Santos,2018,10,1,1, 47% , 53% ,6,7,,,,,1,1,6,8,,,47,45,40,35,2,3,,,,,2,2,,,11,15,18,14,13,7,13,17,8,11
https://www.academiadasapostasbrasil.com/stats/match/brasil/brasileirao-serie-a/vitoria/chapecoense/2729330/live,Vitoria,Chapecoense,2018,10,1, , 50% , 50% ,5,2,,,,,3,2,5,5,,,48,48,36,33,2,1,,,,,3,2,,,17,13,16,22,7,7,23,30,3,5
https://www.academiadasapostasbrasil.com/stats/match/brasil/brasileirao-serie-a/cruzeiro/vasco/2729327/live,Cruzeiro,Vasco,2018,10,1,1, 66% , 34% ,5,1,,, ,1,3,1,13,2,,,58,41,43,17,1,2,,,,,1,1,,,7,13,16,9,6,15,22,22,12,1
https://www.academiadasapostasbrasil.com/stats/match/brasil/brasileirao-serie-a/gremio/palmeiras/2729336/live,Gremio,Palmeiras,2018,10, ,2, 49% , 51% ,10,2,,,1,2,4,2,4,3,,,59,63,46,43, ,1,,,,,1,5,,,13,31,32,13,4,8,9,19,5,7
https://www.academiadasapostasbrasil.com/stats/match/brasil/brasileirao-serie-a/botafogo/ceara/2729332/live,Botafogo,Ceara,2018,10, , , 57% , 43% ,5,4,,,,,4, ,7,4,,,78,70,62,54,2,2,,,,, ,3,,,16,16,19,19,9,15,21,17,4,4
https://www.academiadasapostasbrasil.com/stats/match/brasil/brasileirao-serie-a/fluminense/flamengo/2729331/live,Fluminense,Flamengo,2018,10, ,2, 51% , 49% ,3,5,,,,, ,1,5,2,,,70,61,44,33, ,1, ,1,,,5,1,,,13,7,8,13,3,6,19,21,10,7
https://www.academiadasapostasbrasil.com/stats/match/brasil/brasileirao-serie-a/parana-clube/bahia/2729328/live,Parana Clube,Bahia,2018,10,1, , 46% , 54% ,1,5,,,1, ,1, ,7,4,,,62,65,33,49,1,2,,,,,4,2,,,16,18,20,18,6,10,24,21,3,6
https://www.academiadasapostasbrasil.com/stats/match/brasil/brasileirao-serie-a/corinthians/vitoria/2729345/live,Corinthians,Vitoria,2018,11,,, 59% , 41% ,3,5,,,,,7,1,7,7,,,66,55,45,38,4, ,,,,,2,2,,,14,18,19,18,10,8,32,15,10,6
https://www.academiadasapostasbrasil.com/stats/match/brasil/brasileirao-serie-a/vasco/sport/2729341/live,Vasco,Sport,2018,11,3,2, 41% , 59% ,4,2,,,,, ,3,6,5,,,56,77,31,35,1,4,1, ,,,3,3,,,27,8,13,29,11,6,14,15,1,2
https://www.academiadasapostasbrasil.com/stats/match/brasil/brasileirao-serie-a/atletico-pr/sao-paulo/2729338/live,Atletico Pr,Sao Paulo,2018,11, ,1, 56% , 44% ,6,2,,,,,2, ,5,7,,,56,56,36,31,1,3, ,1,,,3,3,,,14,18,21,15,9,7,30,23,5,3
https://www.academiadasapostasbrasil.com/stats/match/brasil/brasileirao-serie-a/atletico-mg/fluminense/2729337/live,Atletico Mg,Fluminense,2018,11,5,2, 48% , 52% ,4,2,,,2,1,1,2,4,7,,,54,55,36,28,3, ,,,,,2,2,,,14,10,10,18,12,5,18,16,4,7
https://www.academiadasapostasbrasil.com/stats/match/brasil/brasileirao-serie-a/america-mineiro/atletico-mg/2729329/live,America Mineiro,Atletico Mg,2018,10,1,3, 53% , 47% ,2,2,,,,,8,1,6,3,,,75,66,58,35,3,1,,,,,2,2,,,13,7,8,16,4,9,23,15,11,6
https://www.academiadasapostasbrasil.com/stats/match/brasil/brasileirao-serie-a/chapecoense/cruzeiro/2729339/live,Chapecoense,Cruzeiro,2018,11,,, 53% , 47% ,1,1,,,,,,,2,3,,,30,36,19,17, ,1,,,,, ,1,,,11,5,7,11,4,4,18,6,2,2
https://www.academiadasapostasbrasil.com/stats/match/brasil/brasileirao-serie-a/gremio/america-mineiro/2729346/live,Gremio,America Mineiro,2018,11,1, , 61% , 39% ,5,4,,,1, ,1,1,3,6,,,67,55,48,37,,,,,,,2,3,,,14,11,11,14,8,7,14,26,7,4
https://www.academiadasapostasbrasil.com/stats/match/brasil/brasileirao-serie-a/flamengo/parana-clube/2729342/live,Flamengo,Parana Clube,2018,11,2, , 57% , 43% ,4,1,,,,,1, ,4,7,,,41,36,30,23,1,1,,,,,2, ,,,9,8,9,10,9,8,16,8,9,5
https://www.academiadasapostasbrasil.com/stats/match/brasil/brasileirao-serie-a/bahia/botafogo/2729340/live,Bahia,Botafogo,2018,11,3,3, 63% , 37% ,8,3,,,,,4,1,4,5,,,65,37,47,18,3, ,1, ,,,4,3, ,1,24,8,8,27,7,11,19,14,13,1
https://www.academiadasapostasbrasil.com/stats/match/brasil/brasileirao-serie-a/ceara/palmeiras/2729343/live,Ceara,Palmeiras,2018,11,2,2, 44% , 56% ,5,2,,,,,4,2,6,3,,,40,55,33,31,1,2,,,,,3,2,,,13,11,14,15,10,10,21,19,4,4
https://www.academiadasapostasbrasil.com/stats/match/brasil/brasileirao-serie-a/america-mineiro/chapecoense/2729349/live,America Mineiro,Chapecoense,2018,12,,, 52% , 48% ,3,2,,,,,3,1,7,8,,,51,49,33,35,2,1,,,,,5, ,,,9,13,16,15,11,11,30,20,3,8
https://www.academiadasapostasbrasil.com/stats/match/brasil/brasileirao-serie-a/santos/internacional/2729344/live,Santos,Internacional,2018,11,1,2, 58% , 42% ,3,1,,,1, ,2, ,6,9,,,81,69,39,34,1,1,1,1,,,3,4,1, ,8,18,20,10,11,12,27,12,7,2
https://www.academiadasapostasbrasil.com/stats/match/brasil/brasileirao-serie-a/sao-paulo/vitoria/2729353/live,Sao Paulo,Vitoria,2018,12,3, , 57% , 43% ,2,5,,,,,1,2,8,1,,,63,58,45,32,5,1,,,1, ,4,2, ,1,25,17,18,30,4,8,19,22,6,1
https://www.academiadasapostasbrasil.com/stats/match/brasil/brasileirao-serie-a/fluminense/santos/2729351/live,Fluminense,Santos,2018,12, ,1, 51% , 49% ,1,1,,,,,5, ,5,3,,,42,45,28,29,1,3,,,,,2,3,,,16,12,15,17,8,4,20,24,2,7
https://www.academiadasapostasbrasil.com/stats/match/brasil/brasileirao-serie-a/bahia/corinthians/2729350/live,Bahia,Corinthians,2018,12,1, , 48% , 52% ,11,1,,,1, ,1,3,6,7,,,60,57,34,28,1,2,,,,,1,1,,,18,10,13,20,9,11,22,23,7,8
https://www.academiadasapostasbrasil.com/stats/match/brasil/brasileirao-serie-a/palmeiras/flamengo/2729355/live,Palmeiras,Flamengo,2018,12,1,1, 53% , 47% ,4,7,,,1, ,1, ,8,4,,,51,45,28,31,,,,,,,4,5,2,2,21,17,18,21,8,13,29,19,4,6
https://www.academiadasapostasbrasil.com/stats/match/brasil/brasileirao-serie-a/parana-clube/cruzeiro/2729348/live,Parana Clube,Cruzeiro,2018,12,1,1, 43% , 57% ,1,2,,,,,2,2,4,4,,,60,69,30,45,1,4, ,1,,,8,2,,,21,23,27,23,12,6,25,25,3,4
https://www.academiadasapostasbrasil.com/stats/match/brasil/brasileirao-serie-a/sport/gremio/2729354/live,Sport,Gremio,2018,12,,, 51% , 49% ,1,3,,,,,2, ,4,2,,,98,80,45,34, ,3,,,,,3,2,,,14,13,17,15,6,9,19,19,4,2
https://www.academiadasapostasbrasil.com/stats/match/brasil/brasileirao-serie-a/internacional/vasco/2729356/live,Internacional,Vasco,2018,12,3,1, 54% , 46% ,4,5,,,2,1, ,2,5,2,,,78,54,57,37,3, ,,,,,2, ,,,13,12,12,16,4,9,26,16,4,7
https://www.academiadasapostasbrasil.com/stats/match/brasil/brasileirao-serie-a/ceara/sport/2729363/live,Ceara,Sport,2018,13,1, ,,,3,4,,,,,3,1,6,3,,,53,66,34,44, ,2,,,,,,,,,16,12,14,16,8,11,17,21,6,5
https://www.academiadasapostasbrasil.com/stats/match/brasil/brasileirao-serie-a/atletico-mg/ceara/2729347/live,Atletico Mg,Ceara,2018,12,2,1, 63% , 37% ,3,1,,,1,1,5,1,9,3,,,82,61,60,39,2,3,,,,,1, ,,,10,10,13,12,8,17,23,12,8,5
https://www.academiadasapostasbrasil.com/stats/match/brasil/brasileirao-serie-a/botafogo/atletico-pr/2729352/live,Botafogo,Atletico Pr,2018,12,2, , 44% , 56% ,5,3,,,,,1,7,11,11,,,62,61,53,51, ,1,1, ,,, ,2,,,10,8,9,11,12,12,13,15,8,9
https://www.academiadasapostasbrasil.com/stats/match/brasil/brasileirao-serie-a/chapecoense/bahia/2729359/live,Chapecoense,Bahia,2018,13,1,1,,,2,4,,,,,1,1, ,4,,,84,82,42,46,1,1,,,,,1,2,,,14,19,20,15,8,7,25,33,5,3
https://www.academiadasapostasbrasil.com/stats/match/brasil/brasileirao-serie-a/vitoria/parana-clube/2729360/live,Vitoria,Parana Clube,2018,13,1, ,,,4,2,,,,,2, ,6,5,,,44,35,32,20,1,2,,,,,2,2,,,21,20,25,24,5,11,22,17,5,5
https://www.academiadasapostasbrasil.com/stats/match/brasil/brasileirao-serie-a/vasco/fluminense/2729361/live,Vasco,Fluminense,2018,13,1,1,,,3,8,,, ,1,3,2,8, ,,,58,48,34,31,1,1,,,,,4,2,,,18,21,22,19,4,10,17,20,2,4
https://www.academiadasapostasbrasil.com/stats/match/brasil/brasileirao-serie-a/cruzeiro/america-mineiro/2729357/live,Cruzeiro,America Mineiro,2018,13,3,1,,,3,1,,,,,2,1,5,5,,,52,41,37,17,3,1,,,,,3,1,,,11,7,9,14,10,6,20,16,3,5
https://www.academiadasapostasbrasil.com/stats/match/brasil/brasileirao-serie-a/flamengo/sao-paulo/2729362/live,Flamengo,Sao Paulo,2018,13, ,1,,,11, ,,,1, ,6,1,8,9,,,85,48,59,29, ,3,,, ,1,3,4,,,11,14,17,11,9,9,21,16,9,5
https://www.academiadasapostasbrasil.com/stats/match/brasil/brasileirao-serie-a/santos/palmeiras/2729364/live,Santos,Palmeiras,2018,13,1,1,,,5,6,,,1,1,2,1,9,3,,,56,54,45,36,1, ,,,,,4,5,,,15,15,15,16,6,15,26,21,8,2
https://www.academiadasapostasbrasil.com/stats/match/brasil/brasileirao-serie-a/gremio/atletico-mg/2729366/live,Gremio,Atletico Mg,2018,13,2, ,,,5,1,,,,,2,1,10,1,,,72,48,55,30,1,1,1, ,,,1,2,,,10,19,20,11,2,10,19,18,5,2
https://www.academiadasapostasbrasil.com/stats/match/brasil/brasileirao-serie-a/corinthians/botafogo/2729365/live,Corinthians,Botafogo,2018,13,2, ,,,1,10,,,,,2,4,3,9,,,55,59,26,43, ,1,,,,,2,3,,,17,12,14,19,10,6,13,42,3,10
https://www.academiadasapostasbrasil.com/stats/match/brasil/brasileirao-serie-a/sport/fluminense/2729374/live,Sport,Fluminense,2018,14,1,2,,,4,3,,,1, , ,1,8,6,,,56,40,40,31, ,1,,,,,1,5,,,11,17,18,13,9,16,29,15,11,4
https://www.academiadasapostasbrasil.com/stats/match/brasil/brasileirao-serie-a/parana-clube/america-mineiro/2729368/live,Parana Clube,America Mineiro,2018,14,1, ,,,5,1,,,,,2,1,4,7,,,72,65,39,37,4,1,,,,,3,3,,,23,10,11,27,10,11,32,29,3,3
https://www.academiadasapostasbrasil.com/stats/match/brasil/brasileirao-serie-a/flamengo/botafogo/2729372/live,Flamengo,Botafogo,2018,14,2, ,,,3,5,,,,,2,3,3,11,,,57,65,28,41, ,2,,,,, ,1, ,1,15,15,17,16,10,6,21,28,1,6
https://www.academiadasapostasbrasil.com/stats/match/brasil/brasileirao-serie-a/palmeiras/atletico-mg/2729375/live,Palmeiras,Atletico Mg,2018,14,3,2,,,1,5,,,1, , ,1,5,4,,,48,48,32,28,4,4,,,,,2,2,,,20,17,22,25,2,6,18,16,2,7
https://www.academiadasapostasbrasil.com/stats/match/brasil/brasileirao-serie-a/bahia/vitoria/2729370/live,Bahia,Vitoria,2018,14,4,1,,,3,4,,,,, ,2,4,3,,,55,43,23,18,1, ,1, , ,1,3,5,,,17,24,24,19,4,8,26,21,5,7
https://www.academiadasapostasbrasil.com/stats/match/brasil/brasileirao-serie-a/sao-paulo/corinthians/2729373/live,Sao Paulo,Corinthians,2018,14,3,1,,,5,2,,,1, , ,1,6,7,,,63,44,37,32,2, ,,,,,2,7,,,7,19,21,10,7,7,24,21,10,7
https://www.academiadasapostasbrasil.com/stats/match/brasil/brasileirao-serie-a/vasco/gremio/2729371/live,Vasco,Gremio,2018,14,1, ,,,4,8,,,,, ,1,3,7,,,33,58,22,42, ,2,,,1, ,5,6,,,12,17,19,12,13,6,15,18,8,10
https://www.academiadasapostasbrasil.com/stats/match/brasil/brasileirao-serie-a/atletico-pr/internacional/2729358/live,Atletico Pr,Internacional,2018,13,2,2,,,5,1,,,,,3,2,9,7,,,65,66,45,35,2,1,,,1, ,4,4,,,11,16,17,13,7,15,14,23,4,6
https://www.academiadasapostasbrasil.com/stats/match/brasil/brasileirao-serie-a/vitoria/sport/2729380/live,Vitoria,Sport,2018,15,1, ,,,4,3,,,,,3,3,8,6,,,48,49,38,35,1,1,,,,,2,2,,,16,13,15,18,10,7,33,30,5,7
https://www.academiadasapostasbrasil.com/stats/match/brasil/brasileirao-serie-a/cruzeiro/atletico-pr/2729367/live,Cruzeiro,Atletico Pr,2018,14,2,1,,,6,1,,,,,2, ,8,5,,,57,38,37,23,1, , ,1,,,1,2, ,1,5,13,13,6,8,10,24,21,9,3
https://www.academiadasapostasbrasil.com/stats/match/brasil/brasileirao-serie-a/corinthians/cruzeiro/2729385/live,Corinthians,Cruzeiro,2018,15,2, ,,,2,5,,,1, , ,1,5,6,,,76,93,27,38,1,2,,,,, ,2,,,7,8,13,9,9,9,22,25,3,4
https://www.academiadasapostasbrasil.com/stats/match/brasil/brasileirao-serie-a/atletico-mg/parana-clube/2729377/live,Atletico Mg,Parana Clube,2018,15,2, ,,,2,8,,,,,1,6,1,6,,,54,52,31,35,1,1,,,,,1,1,1, ,14,14,16,16,9,5,19,26,5,7
https://www.academiadasapostasbrasil.com/stats/match/brasil/brasileirao-serie-a/internacional/ceara/2729376/live,Internacional,Ceara,2018,14,1, ,,,3,5,,,1, ,,,3,4,,,85,61,69,41,1,1,,,,,2,3,,,12,14,15,13,8,12,29,19,4, 
https://www.academiadasapostasbrasil.com/stats/match/brasil/brasileirao-serie-a/santos/flamengo/2729384/live,Santos,Flamengo,2018,15,1,1,,,1,4,,,,,2,3,7,6,,,65,58,44,42,2,1,,,,,1,1,,,17,13,15,19,6,8,18,22,10,8
https://www.academiadasapostasbrasil.com/stats/match/brasil/brasileirao-serie-a/chapecoense/santos/2729369/live,Chapecoense,Santos,2018,14, , ,,,3,2,,,,,1,3,7,6,,,71,57,52,29,1,2,,,,,1,4,,,9,11,15,11,9,12,29,23,15,3
https://www.academiadasapostasbrasil.com/stats/match/brasil/brasileirao-serie-a/fluminense/palmeiras/2729381/live,Fluminense,Palmeiras,2018,15,1, ,,,1,3,,,,,1,3,5,6,,,65,70,33,39,1,1,,,,,2,2, ,1,17,15,16,19,12,6,25,24,2,3
https://www.academiadasapostasbrasil.com/stats/match/brasil/brasileirao-serie-a/atletico-pr/vasco/2729378/live,Atletico Pr,Vasco,2018,15,1, , 55% , 45% ,4,6,,,1, ,,,4,10,,,64,72,36,26,1, ,,,,,1,2,,,15,12,14,16,12,7,24,19,8,5
https://www.academiadasapostasbrasil.com/stats/match/brasil/brasileirao-serie-a/palmeiras/parana-clube/2729395/live,Palmeiras,Parana Clube,2018,16,3, ,,,7,1,,, ,1,3, ,6,3,,,62,44,47,18,2,3,,,,,2,2,,,19,14,17,22,2,8,21,20,8,4
https://www.academiadasapostasbrasil.com/stats/match/brasil/brasileirao-serie-a/botafogo/chapecoense/2729382/live,Botafogo,Chapecoense,2018,15,1, ,,,5,2,,,,,3,5,2,4,,,67,66,55,49,1,1,,,,,2,3,,,19,15,17,21,8,6,18,18,6,8
https://www.academiadasapostasbrasil.com/stats/match/brasil/brasileirao-serie-a/gremio/sao-paulo/2729386/live,Gremio,Sao Paulo,2018,15,2,1,,,2,3,,,,,2,1,5,1,,,68,53,51,33,2, ,,,,,4,5,,,22,19,19,25,3,6,18,19,9,3
https://www.academiadasapostasbrasil.com/stats/match/brasil/brasileirao-serie-a/ceara/fluminense/2729393/live,Ceara,Fluminense,2018,16,1, ,,,3,2,,,1, ,3, ,5,7,,,59,58,41,32,3, ,,,,,6,1,,,22,12,13,25,10,11,24,18,9,3
https://www.academiadasapostasbrasil.com/stats/match/brasil/brasileirao-serie-a/vasco/corinthians/2729391/live,Vasco,Corinthians,2018,16,1,4,,,3,1,,, ,1, ,3,7, ,,,68,61,44,33, ,3,1,1,,,4, ,,,16,9,12,16,6,9,19,29,5,2
https://www.academiadasapostasbrasil.com/stats/match/brasil/brasileirao-serie-a/ceara/bahia/2729383/live,Ceara,Bahia,2018,15, ,2, 61% , 39% ,7,2,,,,,4,1,9,1,,,74,44,52,22, ,1,,,,,3,4,,,16,25,26,16,4,17,30,19,11,2
https://www.academiadasapostasbrasil.com/stats/match/brasil/brasileirao-serie-a/america-mineiro/internacional/2729379/live,America Mineiro,Internacional,2018,15,2,1,,,2,5,,,,, ,2,2,5,,,51,64,22,45, ,3,,,,,2,2,1,1,11,9,12,12,13,3,21,19,3,11
https://www.academiadasapostasbrasil.com/stats/match/brasil/brasileirao-serie-a/botafogo/santos/2729402/live,Botafogo,Santos,2018,17, , , 51% , 49% ,4,5,,, ,1,3,1,10,3,,,77,72,63,49,2,4,,,,,1,5,,,11,18,23,13,6,12,24,28,5,2
https://www.academiadasapostasbrasil.com/stats/match/brasil/brasileirao-serie-a/cruzeiro/sao-paulo/2729387/live,Cruzeiro,Sao Paulo,2018,16, ,2,,,4,1,,, , ,5,3,7,1,,,63,47,51,23,3,2,1, ,,,2,1,,,11,10,12,14,6,12,31,18,4,2
https://www.academiadasapostasbrasil.com/stats/match/brasil/brasileirao-serie-a/flamengo/sport/2729392/live,Flamengo,Sport,2018,16,4,1,,,4,2,,,,,3, ,11,4,,,67,49,46,31,1,2,,,,,1,1,,,11,10,12,13,8,12,7,26,8,2
https://www.academiadasapostasbrasil.com/stats/match/brasil/brasileirao-serie-a/santos/america-mineiro/2729394/live,Santos,America Mineiro,2018,16, ,1,,,4, ,,,2, ,8,2,15, ,,,97,46,63,22,2,1, ,1,,,2,2,,,7,13,14,9,1,19,31,24,14,2
https://www.academiadasapostasbrasil.com/stats/match/brasil/brasileirao-serie-a/internacional/botafogo/2729396/live,Internacional,Botafogo,2018,16,3, ,,,6,3,,,1, , ,1,3,3,,,68,71,46,44,,,,,,,1,2,,,13,14,14,13,9,6,24,17,5,4
https://www.academiadasapostasbrasil.com/stats/match/brasil/brasileirao-serie-a/atletico-pr/vitoria/2729388/live,Atletico Pr,Vitoria,2018,16,4, ,,,4,4,,,,,,,5,5,,,76,53,34,25,1,1,,,,,3,5,,,20,15,18,21,12,8,19,10,6,1
https://www.academiadasapostasbrasil.com/stats/match/brasil/brasileirao-serie-a/bahia/atletico-mg/2729390/live,Bahia,Atletico Mg,2018,16,2,2, 61% , 39% ,8,2,,,,,7,1,7,2,,,68,45,54,32,1,3,,,,,4,2,,,13,18,21,15,4,11,39,11,6,3
https://www.academiadasapostasbrasil.com/stats/match/brasil/brasileirao-serie-a/chapecoense/gremio/2729389/live,Chapecoense,Gremio,2018,16,1,1,,,3,3,,,,,1,1,10,3,,,78,58,37,26,1,1,,,,,1,3,,,12,14,16,13,5,15,37,25,10,3
https://www.academiadasapostasbrasil.com/stats/match/brasil/brasileirao-serie-a/sport/chapecoense/2729404/live,Sport,Chapecoense,2018,17,1,1, 64% , 36% ,4,3,,,,,4,1,11,3,,,64,51,48,25,1,2,,,,,1,1,,,14,20,22,15,4,12,36,19,8,5
https://www.academiadasapostasbrasil.com/stats/match/brasil/brasileirao-serie-a/vitoria/cruzeiro/2729400/live,Vitoria,Cruzeiro,2018,17,1,1, 56% , 44% ,6,4,,, ,2,2,1,6,5,,,47,40,29,29, ,1,1, ,,,3,5,,,16,18,19,18,4,8,28,31,8,8
https://www.academiadasapostasbrasil.com/stats/match/brasil/brasileirao-serie-a/parana-clube/ceara/2729398/live,Parana Clube,Ceara,2018,17, ,1, 66% , 34% ,9, ,,,,,2, ,11,3,,,71,65,48,32, ,5,,,,,4,2,,,14,22,27,15,6,14,27,14,13,2
https://www.academiadasapostasbrasil.com/stats/match/brasil/brasileirao-serie-a/gremio/flamengo/2729406/live,Gremio,Flamengo,2018,17,2, , 39% , 61% ,2,2,,, ,1,3,3,2,2,,,50,65,39,44,1,2,1, ,,,3,4,,,21,16,18,22,5,5,22,20,3,1
https://www.academiadasapostasbrasil.com/stats/match/brasil/brasileirao-serie-a/sao-paulo/vasco/2729403/live,Sao Paulo,Vasco,2018,17,2,1, 48% , 52% ,2,2,,,,, ,1,6,5,,,65,71,47,39,1,3,,,,,2,2,,,27,9,12,28,10,10,30,25,5,2
https://www.academiadasapostasbrasil.com/stats/match/brasil/brasileirao-serie-a/corinthians/atletico-pr/2729405/live,Corinthians,Atletico Pr,2018,17,,, 53% , 47% ,5,7,,,,,3,6,4,2,,,76,71,55,56,1,6,,,,,2,2,,,7,14,20,8,6,4,19,29,2,9
https://www.academiadasapostasbrasil.com/stats/match/brasil/brasileirao-serie-a/america-mineiro/palmeiras/2729399/live,America Mineiro,Palmeiras,2018,17,,, 51% , 49% ,4,5,,,1, ,1,5,2,3,,,52,58,18,31,,, ,1,,,1,2,,,14,17,18,15,13,4,21,24,2,9
https://www.academiadasapostasbrasil.com/stats/match/brasil/brasileirao-serie-a/fluminense/bahia/2729401/live,Fluminense,Bahia,2018,17,1,1, 50% , 50% ,2,1,,,,,3, ,4,6,,,61,73,36,39,1, ,,,,,4,2,,,11,18,18,12,11,6,24,20,6,8
https://www.academiadasapostasbrasil.com/stats/match/brasil/brasileirao-serie-a/flamengo/cruzeiro/2729412/live,Flamengo,Cruzeiro,2018,18,1, , 53% , 47% ,3,3,,,,,1,1,4,4,,,52,49,29,24,2,2,,,,,3,3,,,25,18,20,28,3,7,19,29,5,2
https://www.academiadasapostasbrasil.com/stats/match/brasil/brasileirao-serie-a/chapecoense/corinthians/2729409/live,Chapecoense,Corinthians,2018,18,2,1, 45% , 55% ,3,4,,, ,1,2,1,7,4,,,67,74,42,41,1,1,,,,,1,2,,,18,19,21,19,8,13,28,23,7,5
https://www.academiadasapostasbrasil.com/stats/match/brasil/brasileirao-serie-a/atletico-mg/internacional/2729397/live,Atletico Mg,Internacional,2018,17,,, 56% , 44% ,3,2,,,,,1,2,4,2,,,40,33,23,17,1,2,,,,,1,1,,,9,11,15,11,3,8,25,27,5,2
https://www.academiadasapostasbrasil.com/stats/match/brasil/brasileirao-serie-a/ceara/atletico-pr/2729413/live,Ceara,Atletico Pr,2018,18,,, 49% , 51% ,5,2,,,,,2, ,7,9,,,60,60,43,35,,,,,,,3,3,,,13,15,15,15,15,11,22,13,3,9
https://www.academiadasapostasbrasil.com/stats/match/brasil/brasileirao-serie-a/bahia/america-mineiro/2729410/live,Bahia,America Mineiro,2018,18,1, , 55% , 45% ,5,2,,,,,2, ,6,2,,,55,51,35,23,2,1,,,,,1,4,,,10,12,14,13,4,3,21,25,9,2
https://www.academiadasapostasbrasil.com/stats/match/brasil/brasileirao-serie-a/sport/sao-paulo/2729414/live,Sport,Sao Paulo,2018,18,1,3, 48% , 52% ,6,4,,,,,2,2,7,6,,,51,48,38,34, ,1,,,,,1,3,,,6,12,16,7,9,10,16,19,2,3
https://www.academiadasapostasbrasil.com/stats/match/brasil/brasileirao-serie-a/parana-clube/botafogo/2729408/live,Parana Clube,Botafogo,2018,18,1,1, 51% , 49% ,1,4,,,,,3,4,11,6,,,64,47,51,29,2,2, ,1,,,3,4,1,1,10,11,13,12,9,20,22,18,4,4
https://www.academiadasapostasbrasil.com/stats/match/brasil/brasileirao-serie-a/atletico-mg/santos/2729407/live,Atletico Mg,Santos,2018,18,3,1, 42% , 58% ,2,3,,,1, ,3,1,5,3,,,43,43,26,21,1,1,,,,,2, ,,,17,8,9,18,6,8,26,26,3,4
https://www.academiadasapostasbrasil.com/stats/match/brasil/brasileirao-serie-a/santos/sport/2729424/live,Santos,Sport,2018,19,3, , 48% , 52% ,3,5,,,,,1,1,4,6,,,75,73,57,49,5,2,,, ,1,3,3,,,19,18,21,25,10,9,30,22,4,4
https://www.academiadasapostasbrasil.com/stats/match/brasil/brasileirao-serie-a/cruzeiro/bahia/2729417/live,Cruzeiro,Bahia,2018,19,1,1, 51% , 49% ,1, ,,,,,2,3,7,5,,,90,98,53,40,2,2,,,,,2,2,,,15,13,15,17,8,14,25,14,3,5
https://www.academiadasapostasbrasil.com/stats/match/brasil/brasileirao-serie-a/gremio/vitoria/2729416/live,Gremio,Vitoria,2018,18,4, , 52% , 48% ,3,4,,,,,1,2,6,7,,,60,50,48,34,1, ,,,,,1,3,,,17,19,19,20,10,9,11,10,1,1
https://www.academiadasapostasbrasil.com/stats/match/brasil/brasileirao-serie-a/internacional/parana-clube/2729426/live,Internacional,Parana Clube,2018,19,1, , 70% , 30% ,7,2,,,,,2, ,6,7,,,67,44,60,28,1, ,,,,,3,5,,,16,16,16,17,10,16,23,18,15,3
https://www.academiadasapostasbrasil.com/stats/match/brasil/brasileirao-serie-a/corinthians/gremio/2729425/live,Corinthians,Gremio,2018,19, ,1, 54% , 46% ,3,8,,,,,2,1,3,1,,,72,74,47,53, ,3,,,,,1,1,,,8,8,11,8,4,8,18,26,5,7
https://www.academiadasapostasbrasil.com/stats/match/brasil/brasileirao-serie-a/palmeiras/vasco/2729415/live,Palmeiras,Vasco,2018,18,1, , 54% , 46% ,5,2,,,1, , ,1,6,7,,,85,70,55,26,3,2,,,,,1,2,,,16,16,18,20,8,10,19,23,5,3
https://www.academiadasapostasbrasil.com/stats/match/brasil/brasileirao-serie-a/fluminense/internacional/2729411/live,Fluminense,Internacional,2018,18, ,3, 57% , 43% ,4,4,,,2, ,8, ,7,4,,,81,73,47,42,,,,,,,3,3,,,8,17,17,8,6,8,23,23,7,7
https://www.academiadasapostasbrasil.com/stats/match/brasil/brasileirao-serie-a/atletico-pr/flamengo/2729418/live,Atletico Pr,Flamengo,2018,19,3, , 38% , 62% ,5,9,,,2, ,2,2,2,7,,,56,65,32,49,3,1,,,,,3,1,,,15,12,13,18,10,6,27,23,5,5
https://www.academiadasapostasbrasil.com/stats/match/brasil/brasileirao-serie-a/america-mineiro/fluminense/2729419/live,America Mineiro,Fluminense,2018,19,,, 52% , 48% ,1,4,,,,,1,2,7,4,,,76,76,47,36,1, ,,,,,2, ,1, ,12,8,8,14,7,11,26,19,4,4
https://www.academiadasapostasbrasil.com/stats/match/brasil/brasileirao-serie-a/vitoria/palmeiras/2729420/live,Vitoria,Palmeiras,2018,19, ,3, 51% , 49% ,2,7,,, ,1,1,4,5,7,,,60,58,32,28,,,,,,,2,1,,,23,18,18,25,10,6,28,21,3,3
https://www.academiadasapostasbrasil.com/stats/match/brasil/brasileirao-serie-a/botafogo/atletico-mg/2729422/live,Botafogo,Atletico Mg,2018,19, ,3, 54% , 46% ,4,4,,,,,2,2,4,8,,,79,64,71,54,2,2,,,,,2,4,,,12,10,13,15,9,8,24,20,4,3
https://www.academiadasapostasbrasil.com/stats/match/brasil/brasileirao-serie-a/parana-clube/sao-paulo/2729428/live,Parana Clube,Sao Paulo,2018,20,1,1, 46% , 54% ,2,3,,,,,3,1,11,8,,,69,71,45,41,2,3,,,,,3,1,,,14,12,15,16,10,17,20,24,4,9
https://www.academiadasapostasbrasil.com/stats/match/brasil/brasileirao-serie-a/ceara/santos/2729433/live,Ceara,Santos,2018,20,1,1, 52% , 48% ,8,2,,,1, ,2,2,11,3,,,71,70,49,38,1,2,,,,,3,2,,,11,13,15,12,9,16,30,28,8,3
https://www.academiadasapostasbrasil.com/stats/match/brasil/brasileirao-serie-a/bahia/internacional/2729430/live,Bahia,Internacional,2018,20, ,1, 60% , 40% ,2,4,,,,,4,2,11,7,,,66,38,50,20, ,1,,,,,1,2,,,15,18,19,15,6,14,28,20,3,5
https://www.academiadasapostasbrasil.com/stats/match/brasil/brasileirao-serie-a/vasco/ceara/2729421/live,Vasco,Ceara,2018,19,1,1, 58% , 42% ,7,3,,,,,1,1,6,7,,,55,48,32,30, ,1,,, ,1,1,1,,,15,21,22,16,6,10,17,19,4,6
https://www.academiadasapostasbrasil.com/stats/match/brasil/brasileirao-serie-a/sao-paulo/chapecoense/2729423/live,Sao Paulo,Chapecoense,2018,19,2, , 44% , 56% ,1,2,,,,,1, ,2,3,,,71,74,44,52,1,1,,,,,2,1,,,16,20,21,17,5,4,31,27,2,6
https://www.academiadasapostasbrasil.com/stats/match/brasil/brasileirao-serie-a/atletico-mg/vasco/2729427/live,Atletico Mg,Vasco,2018,20,,, 68% , 32% ,4,3,,,1,1,5,1,12,5,,,62,30,40,18,,,,,,,2,4,,,14,14,15,16,5,16,35,17,12,1
https://www.academiadasapostasbrasil.com/stats/match/brasil/brasileirao-serie-a/flamengo/vitoria/2729432/live,Flamengo,Vitoria,2018,20,1, , 65% , 35% ,5,1,,,1, ,3,1,5,2,,,56,48,40,26,1,1,,,,,2,2,,,18,17,19,19,8,6,20,21,7,4
https://www.academiadasapostasbrasil.com/stats/match/brasil/brasileirao-serie-a/gremio/cruzeiro/2729436/live,Gremio,Cruzeiro,2018,20,1,1, 70% , 30% ,4,4,,,,, ,1,4,1,,,78,40,63,27,,,1, ,,,2,4,,,12,15,15,13,4,11,23,6,6,2
https://www.academiadasapostasbrasil.com/stats/match/brasil/brasileirao-serie-a/santos/bahia/2729444/live,Santos,Bahia,2018,21,2, , 46% , 54% ,1,3,,,,,1,2,1,5,,,61,74,31,31,2,2,,,,,1,2,,,25,17,20,27,9,7,22,30,6,4
https://www.academiadasapostasbrasil.com/stats/match/brasil/brasileirao-serie-a/palmeiras/botafogo/2729435/live,Palmeiras,Botafogo,2018,20,2, , 65% , 35% ,4,4,,,1, ,2,1,9,5,,,64,49,48,25,3, ,1, , ,1,2,5,,,13,15,16,16,6,11,27,21,11,3
https://www.academiadasapostasbrasil.com/stats/match/brasil/brasileirao-serie-a/sport/america-mineiro/2729434/live,Sport,America Mineiro,2018,20, ,2, 62% , 38% ,7,2,,,1, ,2, ,6,2,,,63,47,39,26,3,2,,,,,2,2,,,9,21,23,12,5,11,32,25,4,4
https://www.academiadasapostasbrasil.com/stats/match/brasil/brasileirao-serie-a/fluminense/corinthians/2729431/live,Fluminense,Corinthians,2018,20,1, , 50% , 50% ,3,1,,,,,2,1,8,2,,,87,51,52,27,4, ,,,,,1,2, ,1,13,7,8,18,5,11,24,23,8,3
https://www.academiadasapostasbrasil.com/stats/match/brasil/brasileirao-serie-a/chapecoense/atletico-pr/2729429/live,Chapecoense,Atletico Pr,2018,20,2,1, 52% , 48% ,3,4,,,,,1, ,8,6,,,70,64,44,32,1, ,,,,,1,3,,,19,18,18,21,11,11,33,28,8,4
https://www.academiadasapostasbrasil.com/stats/match/brasil/brasileirao-serie-a/cruzeiro/fluminense/2729437/live,Cruzeiro,Fluminense,2018,21,2,1, 47% , 53% ,2,3,,,,,2,2,5,2,,,60,48,36,22,1, ,,,,,4,3,,,18,13,14,19,2,10,17,21,6,5
https://www.academiadasapostasbrasil.com/stats/match/brasil/brasileirao-serie-a/atletico-pr/gremio/2729438/live,Atletico Pr,Gremio,2018,21,2,1, 53% , 47% ,5,1,,, ,1,4,2,5,2,,,57,53,33,28,1,2, ,1,,,2,2,,,18,17,19,19,5,7,20,27,8,1
https://www.academiadasapostasbrasil.com/stats/match/brasil/brasileirao-serie-a/botafogo/sport/2729442/live,Botafogo,Sport,2018,21,2, , 46% , 54% ,5,2,,,,,1,2,11,5,,,74,80,49,64,4, ,,,,,1,2,,,19,11,12,25,10,8,33,21,9,2
https://www.academiadasapostasbrasil.com/stats/match/brasil/brasileirao-serie-a/corinthians/parana-clube/2729445/live,Corinthians,Parana Clube,2018,21,1, , 51% , 49% ,6,4,,,2, ,1,3,7,6,,,76,64,50,42,2, ,,, ,1,3,4,,,16,17,20,19,9,9,35,26,8,7
https://www.academiadasapostasbrasil.com/stats/match/brasil/brasileirao-serie-a/sao-paulo/ceara/2729443/live,Sao Paulo,Ceara,2018,21,1, , 59% , 41% ,5,3,,,,,4,1,9,2,,,70,45,38,19, ,2,,,,,3,6, ,1,11,20,23,12,9,15,8,26,8,5
https://www.academiadasapostasbrasil.com/stats/match/brasil/brasileirao-serie-a/vitoria/atletico-mg/2729440/live,Vitoria,Atletico Mg,2018,21,1, , 43% , 57% ,4,6,,,1, ,3, ,8,12,,,46,60,33,42,5,3,,,,,2,3,,,16,12,15,22,14,9,18,31,6,4
https://www.academiadasapostasbrasil.com/stats/match/brasil/brasileirao-serie-a/internacional/palmeiras/2729446/live,Internacional,Palmeiras,2018,21,,, 57% , 43% ,7,3,,,,,3,2,3,12,,,62,71,40,58,1,1,,,,,2,3,,,14,23,25,15,12,8,25,21,5,4
https://www.academiadasapostasbrasil.com/stats/match/brasil/brasileirao-serie-a/america-mineiro/flamengo/2729439/live,America Mineiro,Flamengo,2018,21,2,2, 48% , 52% , ,4,,,1, , ,1,9,4,,,60,47,31,27,,,,,,,3,2, ,1,11,9,9,11,9,17,35,21,3,6
https://www.academiadasapostasbrasil.com/stats/match/brasil/brasileirao-serie-a/vasco/santos/2729451/live,Vasco,Santos,2018,22, ,3, 60% , 40% ,3,1,,, ,1,4, ,11,5,,,68,43,41,23,1, ,,,,,1,1,,,12,11,11,13,8,9,22,19,8,3
https://www.academiadasapostasbrasil.com/stats/match/brasil/brasileirao-serie-a/flamengo/ceara/2729452/live,Flamengo,Ceara,2018,22, ,1, 62% , 38% ,11,5,,,1, ,2, ,12,4,,,66,40,54,25,2, ,,,,,2,2,,,15,12,14,18,4,11,26,15,12,1
https://www.academiadasapostasbrasil.com/stats/match/brasil/brasileirao-serie-a/atletico-pr/bahia/2729448/live,Atletico Pr,Bahia,2018,22,2, , 58% , 42% ,9,4,,,,,5, ,8,3,,,55,58,45,28,3,1,,,,,2,2,,,13,9,10,16,4,12,35,21,4,2
https://www.academiadasapostasbrasil.com/stats/match/brasil/brasileirao-serie-a/vasco/chapecoense/2729441/live,Vasco,Chapecoense,2018,21,3,1, 52% , 48% ,3,3,,,,,,,5,4,,,59,58,33,35, ,1,,,,,3,2,,,18,20,21,18,8,5,26,26,6,4
https://www.academiadasapostasbrasil.com/stats/match/brasil/brasileirao-serie-a/corinthians/atletico-mg/2729455/live,Corinthians,Atletico Mg,2018,22,1,1, 57% , 43% ,1,1,,, ,1,1,1,3,4,,,67,53,45,33, ,2, ,1,,,1,3,,,15,21,23,15,7,8,35,36,6,3
https://www.academiadasapostasbrasil.com/stats/match/brasil/brasileirao-serie-a/vitoria/america-mineiro/2729450/live,Vitoria,America Mineiro,2018,22,1, , 55% , 45% ,9,4,,,1, ,6, ,5,1,,,60,52,45,34,1,3,,,,,5,1, ,1,20,10,13,21,4,10,14,33,5,3
https://www.academiadasapostasbrasil.com/stats/match/brasil/brasileirao-serie-a/sao-paulo/fluminense/2729453/live,Sao Paulo,Fluminense,2018,22,1,1, 47% , 53% ,3, ,,, ,2, ,1,3,5,,,63,56,41,38,,,,,,,2,2,1, ,14,16,16,14,11,9,27,18,5,5
https://www.academiadasapostasbrasil.com/stats/match/brasil/brasileirao-serie-a/gremio/botafogo/2729456/live,Gremio,Botafogo,2018,22,4, , 57% , 43% ,4,2,,,2, ,2,3,1,4,,,69,53,47,40,1, ,2, ,,,2,3,,,12,17,17,13,3,6,14,25,5,6
https://www.academiadasapostasbrasil.com/stats/match/brasil/brasileirao-serie-a/parana-clube/chapecoense/2729458/live,Parana Clube,Chapecoense,2018,23,1,1, 41% , 59% ,5,5,,,,,2,1,8,3,,,52,60,32,32,2,1,,,,,2,2,,,24,19,20,26,5,9,23,22,11,3
https://www.academiadasapostasbrasil.com/stats/match/brasil/brasileirao-serie-a/chapecoense/palmeiras/2729449/live,Chapecoense,Palmeiras,2018,22,1,2, 56% , 44% ,1,3,,, ,1,1, ,7,6,,,79,66,43,36,1,2,,,,,4,4,,,15,22,24,16,8,15,27,28,3,5
https://www.academiadasapostasbrasil.com/stats/match/brasil/brasileirao-serie-a/botafogo/cruzeiro/2729462/live,Botafogo,Cruzeiro,2018,23,1,1, 48% , 52% ,6,1,,,1, ,3,2,3,3,,,57,70,43,47,,,,,,,3,3,,,13,16,17,13,4,7,32,30,5,2
https://www.academiadasapostasbrasil.com/stats/match/brasil/brasileirao-serie-a/ceara/corinthians/2729463/live,Ceara,Corinthians,2018,23,2,1, 40% , 60% ,6,2,,,,,1,1,6,4,,,46,69,34,46, ,1,,,,,5,2,,,19,18,19,19,7,8,18,21,7,4
https://www.academiadasapostasbrasil.com/stats/match/brasil/brasileirao-serie-a/sport/parana-clube/2729454/live,Sport,Parana Clube,2018,22,1, , 52% , 48% ,6,1,,, ,2,4,2,5,7,,,54,60,31,37,1,3,,,,,3,2,,,19,13,16,20,11,8,22,24,11,3
https://www.academiadasapostasbrasil.com/stats/match/brasil/brasileirao-serie-a/bahia/sport/2729460/live,Bahia,Sport,2018,23,2, , 49% , 51% ,8,4,,,,, ,1,3,6,,,55,57,40,39,1,2,,,,,1,1,,,15,16,20,20,6,6,26,33,8,4
https://www.academiadasapostasbrasil.com/stats/match/brasil/brasileirao-serie-a/palmeiras/atletico-pr/2729465/live,Palmeiras,Atletico Pr,2018,23,2, , 49% , 51% ,2,1,,,,,1,3,5,4,,,81,65,49,41,1,1,1, ,,,2,3,,,14,17,18,17,8,7,26,21,6,6
https://www.academiadasapostasbrasil.com/stats/match/brasil/brasileirao-serie-a/cruzeiro/internacional/2729447/live,Cruzeiro,Internacional,2018,22, , , 54% , 46% ,5,3,,, ,1,4,2,10,6,,,64,37,34,28,3, ,,,,,3,2,,,15,14,14,20,10,12,21,15,8,5
https://www.academiadasapostasbrasil.com/stats/match/brasil/brasileirao-serie-a/internacional/flamengo/2729466/live,Internacional,Flamengo,2018,23,2,1, 42% , 58% ,3,5,,, ,1, ,1,2,6,,,62,69,43,49,1,2,,,,,4,1,,,12,13,15,14,10,5,32,24,4,3
https://www.academiadasapostasbrasil.com/stats/match/brasil/brasileirao-serie-a/flamengo/chapecoense/2729472/live,Flamengo,Chapecoense,2018,24,2,0,,,,,,,,,,,,,,,,,,,,,,,,,,,,,,,,,,,,,,
https://www.academiadasapostasbrasil.com/stats/match/brasil/brasileirao-serie-a/santos/gremio/2729464/live,Santos,Gremio,2018,23,,, 52% , 48% ,3,4,,,,,1,2,3,3,,,98,99,69,65,,,,,,,2,1,,,13,7,8,14,5,6,23,22,5,1
https://www.academiadasapostasbrasil.com/stats/match/brasil/brasileirao-serie-a/fluminense/vitoria/2729461/live,Fluminense,Vitoria,2018,23,0,0,,,,,,,,,,,,,,,,,,,,,,,,,,,,,,,,,,,,,,
https://www.academiadasapostasbrasil.com/stats/match/brasil/brasileirao-serie-a/america-mineiro/vasco/2729459/live,America Mineiro,Vasco,2018,23,1, , 52% , 48% ,3, ,,,1, ,1,1,1,2,,,26,23,14,9,1, ,,,,, ,1,,,11,6,7,12,2,4,8,7,4,2
https://www.academiadasapostasbrasil.com/stats/match/brasil/brasileirao-serie-a/atletico-mg/sao-paulo/2729457/live,Atletico Mg,Sao Paulo,2018,23,1, , 42% , 58% ,2,5,,,,, ,4,5,7,,,70,79,32,45, ,2,,,,,3,1,,,17,18,20,17,12,8,24,41,2,9
https://www.academiadasapostasbrasil.com/stats/match/brasil/brasileirao-serie-a/sport/cruzeiro/2729474/live,Sport,Cruzeiro,2018,24,0,0,,,,,,,,,,,,,,,,,,,,,,,,,,,,,,,,,,,,,,
https://www.academiadasapostasbrasil.com/stats/match/brasil/brasileirao-serie-a/sao-paulo/bahia/2729473/live,Sao Paulo,Bahia,2018,24,1,0,,,,,,,,,,,,,,,,,,,,,,,,,,,,,,,,,,,,,,
https://www.academiadasapostasbrasil.com/stats/match/brasil/brasileirao-serie-a/palmeiras/corinthians/2729475/live,Palmeiras,Corinthians,2018,24,1,0,,,,,,,,,,,,,,,,,,,,,,,,,,,,,,,,,,,,,,
https://www.academiadasapostasbrasil.com/stats/match/brasil/brasileirao-serie-a/fluminense/botafogo/2729471/live,Fluminense,Botafogo,2018,24,1,0,,,,,,,,,,,,,,,,,,,,,,,,,,,,,,,,,,,,,,
https://www.academiadasapostasbrasil.com/stats/match/brasil/brasileirao-serie-a/internacional/gremio/2729476/live,Internacional,Gremio,2018,24,1,0,,,,,,,,,,,,,,,,,,,,,,,,,,,,,,,,,,,,,,
https://www.academiadasapostasbrasil.com/stats/match/brasil/brasileirao-serie-a/ceara/vitoria/2729483/live,Ceara,Vitoria,2018,25,2, , 46% , 54% ,1, ,,,1,2,3,2,9,4,,,64,70,39,33, ,1,,,,,2,4,,,23,22,23,23,9,11,16,19,4,3
https://www.academiadasapostasbrasil.com/stats/match/brasil/brasileirao-serie-a/atletico-mg/atletico-pr/2729467/live,Atletico Mg,Atletico Pr,2018,24,3,1, 47% , 53% ,5,5,,, ,2,3,3,4,4,,,49,64,34,44,3, ,,,,,4,5, ,1,13,14,14,16,9,7,22,21,6,6
https://www.academiadasapostasbrasil.com/stats/match/brasil/brasileirao-serie-a/parana-clube/santos/2729468/live,Parana Clube,Santos,2018,24,0,2,,,,,,,,,,,,,,,,,,,,,,,,,,,,,,,,,,,,,,
https://www.academiadasapostasbrasil.com/stats/match/brasil/brasileirao-serie-a/vitoria/vasco/2729470/live,Vitoria,Vasco,2018,24,1,0,,,,,,,,,,,,,,,,,,,,,,,,,,,,,,,,,,,,,,
https://www.academiadasapostasbrasil.com/stats/match/brasil/brasileirao-serie-a/america-mineiro/ceara/2729469/live,America Mineiro,Ceara,2018,24,0,0,,,,,,,,,,,,,,,,,,,,,,,,,,,,,,,,,,,,,,
https://www.academiadasapostasbrasil.com/stats/match/brasil/brasileirao-serie-a/atletico-pr/fluminense/2729478/live,Atletico Pr,Fluminense,2018,25,3,1, 51% , 49% ,5,4,,,1, ,2, ,4,6,,,70,75,47,38,4, ,,,,,3,2,,,15,13,14,19,8,10,21,14,5,3
https://www.academiadasapostasbrasil.com/stats/match/brasil/brasileirao-serie-a/botafogo/america-mineiro/2729482/live,Botafogo,America Mineiro,2018,25,1, , 55% , 45% ,4,1,,,,,1,1,7,5,,,83,74,67,50,1,4,,,,,1,1, ,1,10,14,22,13,9,9,17,21,5,1
https://www.academiadasapostasbrasil.com/stats/match/brasil/brasileirao-serie-a/cruzeiro/atletico-mg/2729477/live,Cruzeiro,Atletico Mg,2018,25,,, 46% , 54% ,3,2,,,,,2,1,5,5,,,57,55,37,27,2,2,,,,,3,1,,,17,14,18,21,9,11,23,28,6,3
https://www.academiadasapostasbrasil.com/stats/match/brasil/brasileirao-serie-a/santos/sao-paulo/2729484/live,Santos,Sao Paulo,2018,25,,, 49% , 51% ,5,2,,,,,3,1,5,3,,,90,94,70,68,6,1,,,,,6,4,,,14,15,16,20,3,13,33,20,4,4
https://www.academiadasapostasbrasil.com/stats/match/brasil/brasileirao-serie-a/gremio/parana-clube/2729486/live,Gremio,Parana Clube,2018,25,2, , 61% , 39% ,2,1,,,,,3, ,10,4,,,70,71,57,38,5, ,1, ,,,1,1,,,11,12,12,16,4,14,20,13,4,3
https://www.academiadasapostasbrasil.com/stats/match/brasil/brasileirao-serie-a/corinthians/sport/2729485/live,Corinthians,Sport,2018,25,2,1, 65% , 35% ,4,6,,,,,1,1,4,5,,,84,64,45,36,4,1, ,1,,,2,1,,,15,19,20,19,8,5,29,22,5,6
https://www.academiadasapostasbrasil.com/stats/match/brasil/brasileirao-serie-a/bahia/palmeiras/2729480/live,Bahia,Palmeiras,2018,25,1,1, 48% , 52% ,2, ,,,,,1, ,4,5,,,67,80,35,38,1,2,,,,,1,2,,,15,11,13,16,6,5,18,24,6,3
https://www.academiadasapostasbrasil.com/stats/match/brasil/brasileirao-serie-a/vasco/flamengo/2729481/live,Vasco,Flamengo,2018,25,1,1, 39% , 61% ,4,5,,,1, ,1,2,5,12,,,63,69,31,48, ,1,,, ,1,3,2,,,18,12,13,18,13,10,17,26,6,13
https://www.academiadasapostasbrasil.com/stats/match/brasil/brasileirao-serie-a/sport/palmeiras/2729494/live,Sport,Palmeiras,2018,26, ,1, 50% , 50% ,3,2,,,,,2,2,7,3,,,64,60,33,25,2, ,,,,,2,2,,,15,14,15,18,5,9,26,26,6,5
https://www.academiadasapostasbrasil.com/stats/match/brasil/brasileirao-serie-a/atletico-pr/parana-clube/2729488/live,Atletico Pr,Parana Clube,2018,26,3, , 52% , 48% ,5,3,,,1, ,1,2,5,6,,,66,69,49,41,1, ,,,,, ,4,,,15,10,10,16,14,8,16,20,6,3
https://www.academiadasapostasbrasil.com/stats/match/brasil/brasileirao-serie-a/flamengo/atletico-mg/2729492/live,Flamengo,Atletico Mg,2018,26,2,1, 49% , 51% , ,3,,, ,1,2,3,5,5,,,52,55,33,37,2,1,,,,,2,2,,,25,14,15,28,8,8,18,21,4,6
https://www.academiadasapostasbrasil.com/stats/match/brasil/brasileirao-serie-a/corinthians/internacional/2729495/live,Corinthians,Internacional,2018,26,1,1, 50% , 50% ,6,1,,,1, ,1,2,2,4,,,75,78,40,47,1,1,,,,, ,2,,,13,10,12,14,9,5,17,23,2,3
https://www.academiadasapostasbrasil.com/stats/match/brasil/brasileirao-serie-a/vitoria/botafogo/2729490/live,Vitoria,Botafogo,2018,26,3,4, 62% , 38% , ,5,,,,,4,1,6,3,,,67,51,44,31,1,2,,,,,1,4,,,14,15,18,16,4,10,19,15,3,1
https://www.academiadasapostasbrasil.com/stats/match/brasil/brasileirao-serie-a/sao-paulo/america-mineiro/2729493/live,Sao Paulo,America Mineiro,2018,26,1,1, 58% , 42% ,3,2,,,,,1, ,8,3,,,78,72,58,28,1, ,,,,,1,1,,,14,10,11,15,7,11,25,23,6,2
https://www.academiadasapostasbrasil.com/stats/match/brasil/brasileirao-serie-a/chapecoense/internacional/2729479/live,Chapecoense,Internacional,2018,25,2,1, 51% , 49% ,3,3,,,1, ,2, ,9,8,,,70,63,42,36, ,3,1,2, ,1,4,3,,,12,13,17,12,9,11,23,28,6,4
https://www.academiadasapostasbrasil.com/stats/match/brasil/brasileirao-serie-a/gremio/ceara/2729496/live,Gremio,Ceara,2018,26,3,2, 60% , 40% ,8,1,,, ,1,1,1,8,1,,,65,52,56,42,1, ,,,,,3,1,,,12,9,9,13,2,14,15,20,17, 
https://www.academiadasapostasbrasil.com/stats/match/brasil/brasileirao-serie-a/fluminense/gremio/2729501/live,Fluminense,Gremio,2018,27, ,1, 56% , 44% ,2,4,,,,,2, ,4,1,,,52,51,30,25, ,1,,,,,1,2,,,10,13,14,10,3,11,11,17,7,2
https://www.academiadasapostasbrasil.com/stats/match/brasil/brasileirao-serie-a/cruzeiro/santos/2729487/live,Cruzeiro,Santos,2018,26,2,1, 49% , 51% ,2,6,,,1,1, ,1,1,4,,,59,52,28,26,1,1,,,,,2,2,,,18,12,13,19,8,4,26,25,4,6
https://www.academiadasapostasbrasil.com/stats/match/brasil/brasileirao-serie-a/palmeiras/cruzeiro/2729505/live,Palmeiras,Cruzeiro,2018,27,3,1, 53% , 47% ,1, ,,,,,3,1,8,2,,,80,82,60,49,3,1,1,1,,,5,6,,,14,17,18,17,3,10,24,23,7,2
https://www.academiadasapostasbrasil.com/stats/match/brasil/brasileirao-serie-a/chapecoense/fluminense/2729489/live,Chapecoense,Fluminense,2018,26,1,2, 57% , 43% ,3,3,,,,, ,1,6,2,,,63,51,47,33,2, ,,,1, ,3,3,,,16,17,19,19,2,13,33,27,7,2
https://www.academiadasapostasbrasil.com/stats/match/brasil/brasileirao-serie-a/vasco/bahia/2729491/live,Vasco,Bahia,2018,26,2,1, 59% , 41% ,4,4,,,,,2, ,3,5,,,66,50,41,32,4,1,1, ,,,5,2, ,1,13,14,15,17,5,10,30,17,4,8
https://www.academiadasapostasbrasil.com/stats/match/brasil/brasileirao-serie-a/atletico-mg/sport/2729497/live,Atletico Mg,Sport,2018,27,5,2, 61% , 39% ,5, ,,,,,4,2,9,4,,,73,53,50,29,2, ,1, , ,1,1,4,,,17,15,15,19,9,9,26,14,6,6
https://www.academiadasapostasbrasil.com/stats/match/brasil/brasileirao-serie-a/america-mineiro/corinthians/2729499/live,America Mineiro,Corinthians,2018,27,,, 40% , 60% ,2,7,,,,,2, ,6,9,,,64,68,28,37,1,3,,,,, ,1,,,8,4,7,9,8,5,12,28,1,5
https://www.academiadasapostasbrasil.com/stats/match/brasil/brasileirao-serie-a/bahia/flamengo/2729500/live,Bahia,Flamengo,2018,27,,, 44% , 56% ,4,5,,,,,3,1,5,3,,,51,80,28,35,2,2,,,,,2,1,,,14,17,19,17,9,6,15,29,4,3
https://www.academiadasapostasbrasil.com/stats/match/brasil/brasileirao-serie-a/botafogo/sao-paulo/2729502/live,Botafogo,Sao Paulo,2018,27,2,2, 45% , 55% ,3,5,,,,, ,2,4,2,,,63,75,46,56,2,1,,,,,1,2,,,18,18,19,22,7,8,22,14,7,7
https://www.academiadasapostasbrasil.com/stats/match/brasil/brasileirao-serie-a/ceara/chapecoense/2729503/live,Ceara,Chapecoense,2018,27,3,1, 49% , 51% ,3,3,,,,,1,2,6,4,,,54,50,37,34, ,1,,,,,3,5,,,15,18,19,15,9,8,23,22,5,8
https://www.academiadasapostasbrasil.com/stats/match/brasil/brasileirao-serie-a/vitoria/santos/2729510/live,Vitoria,Santos,2018,28, ,1, 60% , 40% ,3,2,,,1, ,6,3,9,4,,,55,40,34,27, ,1,,,,,3,2,1, ,17,25,27,17,6,12,19,19,8,2
https://www.academiadasapostasbrasil.com/stats/match/brasil/brasileirao-serie-a/parana-clube/vasco/2729498/live,Parana Clube,Vasco,2018,27,1,1, 44% , 56% ,5,5,,,,,1,2,14,10,,,64,83,44,49,2,2, ,1,,,1, , ,1,14,11,13,16,11,12,19,19,11,5
https://www.academiadasapostasbrasil.com/stats/match/brasil/brasileirao-serie-a/corinthians/flamengo/2729515/live,Corinthians,Flamengo,2018,28, ,3, 46% , 54% ,3,3,,,,,2, ,5,4,,,66,70,27,44,1, ,,,,,2,1,,,7,15,18,10,5,8,27,29,4,10
https://www.academiadasapostasbrasil.com/stats/match/brasil/brasileirao-serie-a/santos/atletico-pr/2729504/live,Santos,Atletico Pr,2018,27,1, , 61% , 39% ,5,5,,,,,1, ,3,5,,,83,54,49,32,2,2,1, ,,,1,5,,,7,16,18,9,9,8,23,34,12,5
https://www.academiadasapostasbrasil.com/stats/match/brasil/brasileirao-serie-a/sport/internacional/2729514/live,Sport,Internacional,2018,28,2,1, 46% , 54% ,2,2,,,,,2,1,4,4,,,59,74,29,40,3, ,,,,,4,1,,,10,7,10,13,8,6,22,19,8,4
https://www.academiadasapostasbrasil.com/stats/match/brasil/brasileirao-serie-a/internacional/vitoria/2729506/live,Internacional,Vitoria,2018,27,2,1, 65% , 35% ,5,2,,,1, ,1,4,3,1,,,82,48,61,28,4,1,1, ,,,2,6,,,18,16,18,22,2,8,24,25,7, 
https://www.academiadasapostasbrasil.com/stats/match/brasil/brasileirao-serie-a/chapecoense/atletico-mg/2729509/live,Chapecoense,Atletico Mg,2018,28,1, , 41% , 59% , ,2,,,,,1,3,7,8,,,65,64,40,41,2,1,,,,,3,3,,,19,14,17,22,9,12,27,26,5,9
https://www.academiadasapostasbrasil.com/stats/match/brasil/brasileirao-serie-a/cruzeiro/ceara/2729507/live,Cruzeiro,Ceara,2018,28, ,2, 57% , 43% ,10,1,,,1, , ,2,10,2,,,82,64,50,32,2,1,,,,,1,3,,,7,18,19,9,7,15,22,13,10,1
https://www.academiadasapostasbrasil.com/stats/match/brasil/brasileirao-serie-a/sao-paulo/palmeiras/2729513/live,Sao Paulo,Palmeiras,2018,28, ,2, 58% , 42% ,2,1,,, ,1, ,1,5,2,,,81,67,45,36,2,3,,,,,2,3,,,21,17,20,23,4,11,28,23,4,2
https://www.academiadasapostasbrasil.com/stats/match/brasil/brasileirao-serie-a/flamengo/fluminense/2729522/live,Flamengo,Fluminense,2018,29,3, , 49% , 51% ,5,6,,,,,1,4,7,4,,,48,54,26,36,,,,,,,2,3,,,16,15,15,16,8,8,12,17,6,3
https://www.academiadasapostasbrasil.com/stats/match/brasil/brasileirao-serie-a/gremio/bahia/2729516/live,Gremio,Bahia,2018,28,2,2, 70% , 30% ,6,3,,,,,7,1,5,3,,,75,44,65,31,5, ,1, , ,1,2,4,,,13,24,24,18,5,9,24,12,9,4
https://www.academiadasapostasbrasil.com/stats/match/brasil/brasileirao-serie-a/botafogo/vasco/2729512/live,Botafogo,Vasco,2018,28,1,1, 51% , 49% ,5,3,,,1, , ,4,9,2,,,70,66,50,51,1, ,,,,,3,2,,,13,13,13,14,2,10,11,15,7,6
https://www.academiadasapostasbrasil.com/stats/match/brasil/brasileirao-serie-a/fluminense/parana-clube/2729511/live,Fluminense,Parana Clube,2018,28,4, , 64% , 36% ,5, ,,,,,1,3,5,4,,,84,55,43,27,3, ,,,,,1,2,,,8,18,18,11,5,7,17,19,8,2
https://www.academiadasapostasbrasil.com/stats/match/brasil/brasileirao-serie-a/atletico-pr/america-mineiro/2729508/live,Atletico Pr,America Mineiro,2018,28,4, , 59% , 41% , ,4,,,1, ,2,1,3,1,,,75,65,42,29, ,3,,,,,3,3,,,11,13,16,11,4,9,25,22,5,1
https://www.academiadasapostasbrasil.com/stats/match/brasil/brasileirao-serie-a/internacional/sao-paulo/2729526/live,Internacional,Sao Paulo,2018,29,3,1, 55% , 45% ,6, ,,,1, ,5,2,4,4,,,58,61,43,45,4,1,1, , ,1, ,4,,,17,22,23,21,5,7,12,22,6,4
https://www.academiadasapostasbrasil.com/stats/match/brasil/brasileirao-serie-a/santos/corinthians/2729524/live,Santos,Corinthians,2018,29,1, , 49% , 51% ,3,2,,,,,,,6,5,,,60,67,40,23,2,1,,,,,3,3,,,17,18,20,22,7,10,37,28,5,2
https://www.academiadasapostasbrasil.com/stats/match/brasil/brasileirao-serie-a/atletico-mg/america-mineiro/2729517/live,Atletico Mg,America Mineiro,2018,29,,, 59% , 41% ,3,9,,,,, ,2,11,5,,,64,56,37,32,1,2,,,,,1, ,,,16,15,17,17,8,11,24,22,16,3
https://www.academiadasapostasbrasil.com/stats/match/brasil/brasileirao-serie-a/chapecoense/vitoria/2729519/live,Chapecoense,Vitoria,2018,29, ,1, 58% , 42% ,5,2,,, ,2,1,1,8,10,,,94,58,45,25,1, ,,,,,3,2,,,14,19,20,15,14,18,38,24,7,3
https://www.academiadasapostasbrasil.com/stats/match/brasil/brasileirao-serie-a/atletico-pr/sport/2729518/live,Atletico Pr,Sport,2018,29,4, , 68% , 32% ,5,3,,,,,4, ,14,4,,,62,53,47,17, ,2,1, ,,, ,2,,,13,10,13,13,6,15,15,12,10,3
https://www.academiadasapostasbrasil.com/stats/match/brasil/brasileirao-serie-a/vasco/cruzeiro/2729521/live,Vasco,Cruzeiro,2018,29,2, , 53% , 47% ,4,6,,,,,2,4,6,4,,,47,42,33,22,1,1,,,,,5,2, ,1,15,16,17,16,7,8,13,15,10,9
https://www.academiadasapostasbrasil.com/stats/match/brasil/brasileirao-serie-a/bahia/parana-clube/2729520/live,Bahia,Parana Clube,2018,29,2, , 68% , 32% ,4,4,,,,,2, ,12,2,,,80,40,46,20,2, ,,,,,1,3,,,4,9,10,7,2,15,25,13,12,1
https://www.academiadasapostasbrasil.com/stats/match/brasil/brasileirao-serie-a/palmeiras/gremio/2729525/live,Palmeiras,Gremio,2018,29,2, , 39% , 61% ,3, ,,,,, ,1,2,2,,,64,93,32,37,,,,,,,3,2,,,15,16,16,15,5,7,20,16,4,5
https://www.academiadasapostasbrasil.com/stats/match/brasil/brasileirao-serie-a/ceara/botafogo/2729523/live,Ceara,Botafogo,2018,29, , , 56% , 44% ,8,1,,,,,2,1,8,9,,,88,49,58,31,1,1,1, ,,,1,3,,,13,10,11,14,9,12,20,18,6,3
https://www.academiadasapostasbrasil.com/stats/match/brasil/brasileirao-serie-a/america-mineiro/gremio/2729529/live,America Mineiro,Gremio,2018,30,1,1, 53% , 47% ,2,4,,,,,2,1,4,6,,,72,76,51,41,1,2, ,1,,,,,,,17,8,10,18,12,6,28,13,5,4
https://www.academiadasapostasbrasil.com/stats/match/brasil/brasileirao-serie-a/botafogo/bahia/2729532/live,Botafogo,Bahia,2018,30, ,1, 61% , 39% ,6,1,,,,,1,1,3,6,,,84,72,60,54,,,,,,,2,1,,,9,21,21,10,7,7,29,20,8,2
https://www.academiadasapostasbrasil.com/stats/match/brasil/brasileirao-serie-a/sao-paulo/atletico-pr/2729533/live,Sao Paulo,Atletico Pr,2018,30,,, 39% , 61% ,5,2,,,2,1,1,1,5,6,,,70,77,46,38,4,2,,,,,2,2,,,20,14,17,25,7,10,19,20,4,7
https://www.academiadasapostasbrasil.com/stats/match/brasil/brasileirao-serie-a/sport/vasco/2729534/live,Sport,Vasco,2018,30,2,1, 54% , 46% ,3,3,,,2, , ,1,6,7,,,72,66,39,32,1, ,1, ,,, ,3,,,15,16,17,17,6,12,12,21,1,4
https://www.academiadasapostasbrasil.com/stats/match/brasil/brasileirao-serie-a/vitoria/corinthians/2729530/live,Vitoria,Corinthians,2018,30,2,2, 45% , 55% ,6,2,,,,,2, ,5,4,,,47,43,29,29,1,1,,,,,1,3,,,19,21,23,20,4,11,25,28,5,5
https://www.academiadasapostasbrasil.com/stats/match/brasil/brasileirao-serie-a/fluminense/atletico-mg/2729531/live,Fluminense,Atletico Mg,2018,30,1, , 57% , 43% ,4,4,,,,,,,4,6,,,72,66,36,36,2, , ,1,,,2,2,1, ,12,17,18,15,10,8,21,16,4,7
https://www.academiadasapostasbrasil.com/stats/match/brasil/brasileirao-serie-a/palmeiras/ceara/2729535/live,Palmeiras,Ceara,2018,30,2,1, 44% , 56% ,4,5,,,,,3,4,4,10,,,64,67,28,43,1,2,1, ,,,4,2,1, ,13,12,14,15,11,7,20,17,4,12
https://www.academiadasapostasbrasil.com/stats/match/brasil/brasileirao-serie-a/cruzeiro/chapecoense/2729527/live,Cruzeiro,Chapecoense,2018,30,3, , 53% , 47% ,1,2,,,,,1,2,6,11,,,50,50,30,33,1,1,,,,,2,1,,,8,14,16,10,13,11,24,22,4,4
https://www.academiadasapostasbrasil.com/stats/match/brasil/brasileirao-serie-a/parana-clube/flamengo/2729528/live,Parana Clube,Flamengo,2018,30, ,4, 37% , 63% ,2,2,,,,,3,1,2,3,,,65,81,32,49,1,2,,,1, ,2, ,,,17,12,15,18,8,5,13,28,4,1
https://www.academiadasapostasbrasil.com/stats/match/brasil/brasileirao-serie-a/santos/fluminense/2729544/live,Santos,Fluminense,2018,31,3, , 66% , 34% ,6,1,,,2, ,4,1,6,3,,,82,64,63,51,2,1,1, ,,,2,3,,,12,16,17,17,4,9,25,22,12,2
https://www.academiadasapostasbrasil.com/stats/match/brasil/brasileirao-serie-a/internacional/santos/2729536/live,Internacional,Santos,2018,30,2,2, 49% , 51% ,5,1,,, ,1,2,1,1,4,,,67,55,44,37, ,1,,,,,1,3,,,14,12,13,14,7,9,21,21,4,7
https://www.academiadasapostasbrasil.com/stats/match/brasil/brasileirao-serie-a/vitoria/sao-paulo/2729540/live,Vitoria,Sao Paulo,2018,31, ,1, 64% , 36% ,3,6,,,,,4,2,7,6,,,56,41,45,28,,,,,,,1,2,,,8,24,24,8,8,9,19,19,4,6
https://www.academiadasapostasbrasil.com/stats/match/brasil/brasileirao-serie-a/vasco/internacional/2729541/live,Vasco,Internacional,2018,31,1,1, 57% , 43% ,8,3,,,1, ,1,2,6,3,,,60,53,36,33, ,2,1, ,,,3,5,,,16,18,22,17,6,9,16,20,6,4
https://www.academiadasapostasbrasil.com/stats/match/brasil/brasileirao-serie-a/gremio/sport/2729546/live,Gremio,Sport,2018,31,3,4, 67% , 33% ,4, ,,,,,1, ,6,4,,,84,47,57,33,,,1, ,,,2,2,,,10,15,15,10,7,10,30,20,10, 
https://www.academiadasapostasbrasil.com/stats/match/brasil/brasileirao-serie-a/corinthians/bahia/2729545/live,Corinthians,Bahia,2018,31,2,1, 50% , 50% ,1,1,,,,,7,1,5,6,,,71,64,36,39,2, , ,1,,,2,3,,,9,13,15,12,15,9,28,31,5,5
https://www.academiadasapostasbrasil.com/stats/match/brasil/brasileirao-serie-a/flamengo/palmeiras/2729542/live,Flamengo,Palmeiras,2018,31,1,1, 65% , 35% ,5,3,,,,,4, ,11,3,,,67,48,47,28, ,2,,,,,2,5,,,19,17,19,19,3,14,27,19,15,4
https://www.academiadasapostasbrasil.com/stats/match/brasil/brasileirao-serie-a/fluminense/vasco/2729551/live,Fluminense,Vasco,2018,32, ,1, 61% , 39% ,4,4,,,1, ,3, ,10,2,,,52,34,34,20,1,2, ,1,,,2,3,,,13,11,13,14,3,17,25,17,9,2
https://www.academiadasapostasbrasil.com/stats/match/brasil/brasileirao-serie-a/palmeiras/santos/2729555/live,Palmeiras,Santos,2018,32,3,2, 41% , 59% ,3,3,,, , ,2,1,4,1,,,58,76,28,29,1, ,,, ,1,3,5,,,24,22,23,25,5,4,18,21,3,5
https://www.academiadasapostasbrasil.com/stats/match/brasil/brasileirao-serie-a/parana-clube/vitoria/2729548/live,Parana Clube,Vitoria,2018,32,1,1, 45% , 55% , ,4,,,1, , ,4,3,4,,,67,71,31,39, ,2,,,,,3,4,,,19,20,22,19,7,3,30,35,2,5
https://www.academiadasapostasbrasil.com/stats/match/brasil/brasileirao-serie-a/chapecoense/america-mineiro/2729539/live,Chapecoense,America Mineiro,2018,31,1, , 49% , 51% ,5,2,,,,, ,3,4,2,,,78,72,47,43,1,1,,,,,1,3,,,11,21,25,13,6,4,25,32,4,4
https://www.academiadasapostasbrasil.com/stats/match/brasil/brasileirao-serie-a/atletico-pr/botafogo/2729538/live,Atletico Pr,Botafogo,2018,31,2,1, 63% , 37% ,5,3,,,,,2,1,8,4,,,79,63,49,23,1,1, ,1,,,3,4,,,17,30,31,19,5,17,19,19,5,2
https://www.academiadasapostasbrasil.com/stats/match/brasil/brasileirao-serie-a/atletico-mg/gremio/2729547/live,Atletico Mg,Gremio,2018,32, ,1, 55% , 45% ,1,6,,,,,8,2,7,5,,,75,80,49,47, ,4,,,,,4,1,,,12,12,16,12,9,14,29,22,8,3
https://www.academiadasapostasbrasil.com/stats/match/brasil/brasileirao-serie-a/ceara/atletico-mg/2729543/live,Ceara,Atletico Mg,2018,31,2,1, 45% , 55% ,3,1,,,,,1,3,4,7,,,51,65,32,42,2,3,,,,,2,4,,,13,21,24,15,9,6,26,15,3,6
https://www.academiadasapostasbrasil.com/stats/match/brasil/brasileirao-serie-a/cruzeiro/parana-clube/2729537/live,Cruzeiro,Parana Clube,2018,31,3,1, 56% , 44% ,2,1,,,1, ,2,1,4,2,,,66,69,43,32,3,1,1, ,,, ,2,,,13,16,17,16,6,5,19,16,9, 
https://www.academiadasapostasbrasil.com/stats/match/brasil/brasileirao-serie-a/america-mineiro/parana-clube/2729559/live,America Mineiro,Parana Clube,2018,33, ,1, 61% , 39% ,2,4,,,,,3, ,12,3,,,71,41,47,20,7,2,,,1, ,3,1, ,1,9,11,13,18,5,14,22,15,13,6
https://www.academiadasapostasbrasil.com/stats/match/brasil/brasileirao-serie-a/bahia/chapecoense/2729550/live,Bahia,Chapecoense,2018,32,1, , 61% , 39% ,6,2,,, ,1,2, ,4,5,,,76,57,39,29,1,5,,,,,1,1,,,14,22,27,16,9,12,29,20,5,3
https://www.academiadasapostasbrasil.com/stats/match/brasil/brasileirao-serie-a/america-mineiro/cruzeiro/2729549/live,America Mineiro,Cruzeiro,2018,32,1,2, 57% , 43% ,6,1,,,,,3,1,3,4,,,83,67,52,31, ,1,1,1,,,3,1,,,17,8,9,17,13,8,26,23,8,2
https://www.academiadasapostasbrasil.com/stats/match/brasil/brasileirao-serie-a/internacional/atletico-pr/2729556/live,Internacional,Atletico Pr,2018,32,2,1, 64% , 36% ,4,2,,, ,1,2,2,4,4,,,87,69,63,43,1,1,1, ,,,2,3,,,9,17,20,10,4,15,28,16,11,5
https://www.academiadasapostasbrasil.com/stats/match/brasil/brasileirao-serie-a/sao-paulo/flamengo/2729553/live,Sao Paulo,Flamengo,2018,32,2,2, 45% , 55% ,2,4,,,,, ,1,4,9,,,74,78,40,46,,,,,,,2,1,,,17,12,12,18,13,5,28,23,8,7
https://www.academiadasapostasbrasil.com/stats/match/brasil/brasileirao-serie-a/botafogo/corinthians/2729552/live,Botafogo,Corinthians,2018,32,1, , 43% , 57% ,6,6,,,1, ,2, ,9,3,,,72,84,56,60, ,2,,,,,1,2,,,24,18,20,25,7,11,19,23,5,3
https://www.academiadasapostasbrasil.com/stats/match/brasil/brasileirao-serie-a/sport/ceara/2729554/live,Sport,Ceara,2018,32,1, , 55% , 45% ,2,4,,, ,1, ,1,5,5,,,75,56,35,29,1,1,,,,,3,3,,,13,16,17,14,9,8,23,17,8,3
https://www.academiadasapostasbrasil.com/stats/match/brasil/brasileirao-serie-a/corinthians/sao-paulo/2729565/live,Corinthians,Sao Paulo,2018,33,1,1, 49% , 51% ,5,3,,,,,1,3,6,4,,,52,53,36,40,1,4,,,1, ,1,3,,,10,18,22,11,14,10,21,17,7,2
https://www.academiadasapostasbrasil.com/stats/match/brasil/brasileirao-serie-a/atletico-pr/cruzeiro/2729558/live,Atletico Pr,Cruzeiro,2018,33,2, , 46% , 54% ,2,5,,,,,1,1,6,4,,,62,70,26,36, ,1,,,,,3,7,,,16,13,15,16,6,6,14,27,4,3
https://www.academiadasapostasbrasil.com/stats/match/brasil/brasileirao-serie-a/botafogo/flamengo/2729562/live,Botafogo,Flamengo,2018,33,2,1, 41% , 59% ,3,4,,,1,1,3,1,6,9,,,43,59,24,33,4,2,,,,,4,6,,,30,16,18,34,14,7,14,17,4,3
https://www.academiadasapostasbrasil.com/stats/match/brasil/brasileirao-serie-a/ceara/internacional/2729563/live,Ceara,Internacional,2018,33,1,1, 48% , 52% ,6,3,,,,,6, ,8, ,,,62,66,43,41,2,1,,,,,2,4,,,11,15,16,13,5,11,23,20,6,5
https://www.academiadasapostasbrasil.com/stats/match/brasil/brasileirao-serie-a/gremio/vasco/2729566/live,Gremio,Vasco,2018,33,2,1, 63% , 37% ,7,1,,,,,3,1,7,5,,,74,44,60,31,1, ,,,,,2,4,,,10,17,18,13,6,12,21,14,7,2
https://www.academiadasapostasbrasil.com/stats/match/brasil/brasileirao-serie-a/fluminense/sport/2729561/live,Fluminense,Sport,2018,33, , , 57% , 43% ,9, ,,, ,1,1, ,6,1,,,76,57,48,29,3,2,,,,, ,2,,,16,13,17,21,5,9,29,24,4,5
https://www.academiadasapostasbrasil.com/stats/match/brasil/brasileirao-serie-a/atletico-mg/palmeiras/2729557/live,Atletico Mg,Palmeiras,2018,33,1,1, 52% , 48% ,7,2,,,,,1,1,7,3,,,66,54,40,32, ,3, ,1,,,3,2,,,21,14,17,21,7,10,22,21,6,4
https://www.academiadasapostasbrasil.com/stats/match/brasil/brasileirao-serie-a/vitoria/bahia/2729560/live,Vitoria,Bahia,2018,33,2,2, 54% , 46% ,2,1,,, ,1, ,1,4,9,,,49,44,32,36,3,2,,,,,2,4,,,17,27,29,20,10,7,26,16,4,5
https://www.academiadasapostasbrasil.com/stats/match/brasil/brasileirao-serie-a/sport/vitoria/2729574/live,Sport,Vitoria,2018,34,0,0,,,,,,,,,,,,,,,,,,,,,,,,,,,,,,,,,,,,,,
https://www.academiadasapostasbrasil.com/stats/match/brasil/brasileirao-serie-a/santos/chapecoense/2729564/live,Santos,Chapecoense,2018,33, ,1, 57% , 43% ,2,2,,,,,2,1,13,4,,,88,85,62,64,2,5,,,,,2,1,,,16,22,28,18,6,15,51,25,5,4
https://www.academiadasapostasbrasil.com/stats/match/brasil/brasileirao-serie-a/chapecoense/botafogo/2729569/live,Chapecoense,Botafogo,2018,34, ,1, 50% , 50% ,4,3,,,,,3, ,9,5,,,70,63,38,27,1,1,,,,,1,2,,,10,13,15,11,5,14,27,24,10,5
https://www.academiadasapostasbrasil.com/stats/match/brasil/brasileirao-serie-a/cruzeiro/corinthians/2729567/live,Cruzeiro,Corinthians,2018,34,1,0,,,,,,,,,,,,,,,,,,,,,,,,,,,,,,,,,,,,,,
https://www.academiadasapostasbrasil.com/stats/match/brasil/brasileirao-serie-a/vasco/atletico-pr/2729571/live,Vasco,Atletico Pr,2018,34,1,1,,,,,,,,,,,,,,,,,,,,,,,,,,,,,,,,,,,,,,
https://www.academiadasapostasbrasil.com/stats/match/brasil/brasileirao-serie-a/parana-clube/atletico-mg/2729568/live,Parana Clube,Atletico Mg,2018,34,0,1,,,,,,,,,,,,,,,,,,,,,,,,,,,,,,,,,,,,,,
https://www.academiadasapostasbrasil.com/stats/match/brasil/brasileirao-serie-a/bahia/ceara/2729570/live,Bahia,Ceara,2018,34,2,1,,,,,,,,,,,,,,,,,,,,,,,,,,,,,,,,,,,,,,
https://www.academiadasapostasbrasil.com/stats/match/brasil/brasileirao-serie-a/palmeiras/fluminense/2729575/live,Palmeiras,Fluminense,2018,34,3,0,,,,,,,,,,,,,,,,,,,,,,,,,,,,,,,,,,,,,,
https://www.academiadasapostasbrasil.com/stats/match/brasil/brasileirao-serie-a/america-mineiro/santos/2729579/live,America Mineiro,Santos,2018,35,2,1, 51% , 49% ,5,2,,,2, ,1, ,4,3,,,61,55,38,27,1,1,,,,,6,1,,,21,13,16,22,8,6,19,20,4,6
https://www.academiadasapostasbrasil.com/stats/match/brasil/brasileirao-serie-a/internacional/america-mineiro/2729576/live,Internacional,America Mineiro,2018,34,2, , 50% , 50% ,4,3,,, ,1,4, ,1,4,,,62,67,45,45,2,2,,,,,1,2,,,19,19,22,21,5,5,19,11,7,4
https://www.academiadasapostasbrasil.com/stats/match/brasil/brasileirao-serie-a/corinthians/vasco/2729585/live,Corinthians,Vasco,2018,35,1, , 42% , 58% ,2,6,,, ,1,1,5,7,6,,,56,77,32,42,3,1,,,,,2,2,,,22,11,15,25,7,12,24,23,5,9
https://www.academiadasapostasbrasil.com/stats/match/brasil/brasileirao-serie-a/vitoria/atletico-pr/2729580/live,Vitoria,Atletico Pr,2018,35,1,2, 56% , 44% ,4,6,,,,,2,4,6,4,,,51,43,40,32, ,4,1, ,1, ,3,3,,,14,22,26,15,8,9,10,23,3,4
https://www.academiadasapostasbrasil.com/stats/match/brasil/brasileirao-serie-a/atletico-mg/bahia/2729577/live,Atletico Mg,Bahia,2018,35,1, , 51% , 49% ,6,2,,,,,1,1,6,4,,,68,65,36,36,3,2,,,,,3,3,1, ,16,24,26,19,8,9,24,35,10,4
https://www.academiadasapostasbrasil.com/stats/match/brasil/brasileirao-serie-a/flamengo/santos/2729572/live,Flamengo,Santos,2018,34,1, , 59% , 41% ,3,3,,,,,3,2,11,3,,,43,34,28,22,,, ,1,,,3,5,,,20,15,16,20,5,11,10,14,8,2
https://www.academiadasapostasbrasil.com/stats/match/brasil/brasileirao-serie-a/sao-paulo/gremio/2729573/live,Sao Paulo,Gremio,2018,34,1,1, 62% , 38% ,5,2,,,,, ,2,6,1,,,77,57,51,27,2, ,,,,,1,2,,,14,12,13,16,2,14,28,18,2,3
https://www.academiadasapostasbrasil.com/stats/match/brasil/brasileirao-serie-a/parana-clube/palmeiras/2729578/live,Parana Clube,Palmeiras,2018,35,1,1, 36% , 64% ,3,6,,,,,1,4,3,4,,,51,83,30,51, ,5, ,1,,,4,2,,,21,9,14,21,9,9,27,38,4,11
https://www.academiadasapostasbrasil.com/stats/match/brasil/brasileirao-serie-a/cruzeiro/vitoria/2729587/live,Cruzeiro,Vitoria,2018,36,3, , 51% , 49% ,7,2,,,1,1, ,2,4,11,,,50,49,33,31,2,6,1, ,,,2,1,,,18,11,19,20,11,6,13,13,6,8
https://www.academiadasapostasbrasil.com/stats/match/brasil/brasileirao-serie-a/santos/botafogo/2729594/live,Santos,Botafogo,2018,36,1,1, 48% , 52% ,4,2,,,1,1,5,4,6,5,,,67,76,44,36, ,1,,,,,2,2, , ,18,16,17,19,5,6,19,16,9,5
https://www.academiadasapostasbrasil.com/stats/match/brasil/brasileirao-serie-a/fluminense/ceara/2729581/live,Fluminense,Ceara,2018,35,,, 57% , 43% ,2,4,,,,,2,2,8,6,,,63,47,39,30,5,1,,,,,4,3,,,13,24,25,21,11,9,22,27,2,4
https://www.academiadasapostasbrasil.com/stats/match/brasil/brasileirao-serie-a/sao-paulo/cruzeiro/2729583/live,Sao Paulo,Cruzeiro,2018,35,1, , 54% , 46% ,2, ,,,,,1,1,6,5,,,88,61,45,33,4,3,,,,,2,2,,,13,17,20,18,7,7,22,32,3,1
https://www.academiadasapostasbrasil.com/stats/match/brasil/brasileirao-serie-a/botafogo/internacional/2729582/live,Botafogo,Internacional,2018,35,1, , 41% , 59% ,4,2,,,,,1, ,6,1,,,74,73,53,52,1,2,,,,,1,3,,,10,16,19,13,7,8,16,25,1,9
https://www.academiadasapostasbrasil.com/stats/match/brasil/brasileirao-serie-a/internacional/atletico-mg/2729596/live,Internacional,Atletico Mg,2018,36,1,2, 56% , 44% ,3,1,,, ,1,1,1,8,6,,,72,58,55,37,2, ,1, ,,,1,2,,,10,14,15,13,9,14,35,17,11,4
https://www.academiadasapostasbrasil.com/stats/match/brasil/brasileirao-serie-a/gremio/chapecoense/2729586/live,Gremio,Chapecoense,2018,35,2, , 64% , 36% ,9,3,,, ,1,,,4,4,,,78,51,52,34,3,1,,,,,2,2,,,12,20,21,16,10,7,18,12,4,2
https://www.academiadasapostasbrasil.com/stats/match/brasil/brasileirao-serie-a/sport/flamengo/2729584/live,Sport,Flamengo,2018,35, ,1, 57% , 43% ,3,4,,, ,1,1,1,8,6,,,65,58,40,30,3, ,,, ,1,1,1,,,9,11,13,12,9,15,21,28,6,8
https://www.academiadasapostasbrasil.com/stats/match/brasil/brasileirao-serie-a/vasco/sao-paulo/2729591/live,Vasco,Sao Paulo,2018,36,2, , 38% , 62% , ,3,,,,,1,1,4,6,,,42,60,25,33,2,2,,,,,2,4,,,18,22,24,20,7,6,27,20,3,7
https://www.academiadasapostasbrasil.com/stats/match/brasil/brasileirao-serie-a/atletico-pr/corinthians/2729588/live,Atletico Pr,Corinthians,2018,36,1, , 51% , 49% ,7,2,,,,,3,4,7,4,,,69,69,34,27,1, ,,,,,2,4,,,18,13,14,19,5,11,18,15,8,5
https://www.academiadasapostasbrasil.com/stats/match/brasil/brasileirao-serie-a/bahia/fluminense/2729590/live,Bahia,Fluminense,2018,36,2, , 55% , 45% ,5,1,,,,,2,4,5,2,,,56,38,32,21,1,2,,,,,2,1,,,21,9,11,24,4,8,17,17,3,1
https://www.academiadasapostasbrasil.com/stats/match/brasil/brasileirao-serie-a/flamengo/gremio/2729592/live,Flamengo,Gremio,2018,36,2, , 45% , 55% ,6,4,,,1, ,2,3,7,9,,,52,62,39,39,,,,,,,2,3,,,16,13,14,17,10,7,11,21,8,4
https://www.academiadasapostasbrasil.com/stats/match/brasil/brasileirao-serie-a/chapecoense/sport/2729589/live,Chapecoense,Sport,2018,36,2,1, 42% , 58% ,9,7,,,,,1, ,3,4,,,66,74,36,43,1,1,1, ,,,2, ,,,18,11,12,24,7,9,26,31,7,6
https://www.academiadasapostasbrasil.com/stats/match/brasil/brasileirao-serie-a/ceara/parana-clube/2729593/live,Ceara,Parana Clube,2018,36,1,0,,,,,,,,,,,,,,,,,,,,,,,,,,,,,,,,,,,,,,
https://www.academiadasapostasbrasil.com/stats/match/brasil/brasileirao-serie-a/palmeiras/america-mineiro/2729595/live,Palmeiras,America Mineiro,2018,36,4, , 49% , 51% ,6, ,,,,,1, ,12, ,,,82,71,57,36,3, ,,,,, ,5,,,11,17,20,16,2,14,21,20,9,2
https://www.academiadasapostasbrasil.com/stats/match/brasil/brasileirao-serie-a/santos/atletico-mg/2729604/live,Santos,Atletico Mg,2018,37,3,2, 47% , 53% ,6,2,,,,,1,1,9,9,,,82,93,57,67,,,,,,,4,1,1, ,19,15,15,19,11,11,13,17,9,8
https://www.academiadasapostasbrasil.com/stats/match/brasil/brasileirao-serie-a/corinthians/chapecoense/2729605/live,Corinthians,Chapecoense,2018,37,,, 64% , 36% ,1,4,,,,,2,1,9,10,,,111,91,82,66, ,1,,,,,2,1,,,12,13,14,13,18,13,27,11,9,4
https://www.academiadasapostasbrasil.com/stats/match/brasil/brasileirao-serie-a/cruzeiro/flamengo/2729597/live,Cruzeiro,Flamengo,2018,37, ,2, 53% , 47% ,11,5,,,,,6,1,9,1,,,64,48,46,25,,,,,,,6,3,,,9,5,9,10,3,11,19,17,8,6
https://www.academiadasapostasbrasil.com/stats/match/brasil/brasileirao-serie-a/botafogo/parana-clube/2729602/live,Botafogo,Parana Clube,2018,37,2,1, 53% , 47% ,4,3,,,,,1,2,6,4,,,73,57,38,36,4,2,,,,,1,3,,,12,15,18,17,8,9,27,30,5,4
https://www.academiadasapostasbrasil.com/stats/match/brasil/brasileirao-serie-a/vasco/palmeiras/2729601/live,Vasco,Palmeiras,2018,37, ,1, 47% , 53% ,5,3,,,,,3, ,1,8,,,49,51,27,34, ,2,,,,,3,5,1, ,17,17,19,17,9,1,15,15,5,14
https://www.academiadasapostasbrasil.com/stats/match/brasil/brasileirao-serie-a/atletico-pr/ceara/2729598/live,Atletico Pr,Ceara,2018,37,2,2, 59% , 41% ,1,2,,, ,1,4,1,10,7,,,76,66,44,28,5,2, ,1,,,3,4,,,18,18,21,23,10,12,20,11,10,4
https://www.academiadasapostasbrasil.com/stats/match/brasil/brasileirao-serie-a/america-mineiro/bahia/2729599/live,America Mineiro,Bahia,2018,37,1, , 46% , 54% ,4,3,,, ,1,1, ,7,11,,,74,75,44,48,3,2,,, ,1,2,2,,,20,21,23,23,17,8,17,29,1,4
https://www.academiadasapostasbrasil.com/stats/match/brasil/brasileirao-serie-a/internacional/fluminense/2729606/live,Internacional,Fluminense,2018,37,2, , 60% , 40% ,2,4,,,,,4,2,11,3,,,69,44,52,31,1,1,,, ,1,3,2,,,12,17,18,13,6,15,26,22,8,4
https://www.academiadasapostasbrasil.com/stats/match/brasil/brasileirao-serie-a/vitoria/gremio/2729600/live,Vitoria,Gremio,2018,37,,, 46% , 54% ,4,8,,, ,2,1,4,9,4,,,44,63,28,48, ,1,,,,,2,4,,,14,20,21,15,8,6,9,19,7,9
https://www.academiadasapostasbrasil.com/stats/match/brasil/brasileirao-serie-a/atletico-mg/botafogo/2729607/live,Atletico Mg,Botafogo,2018,38,1, , 48% , 52% ,6,2,,,,,1,3,6,4,,,41,53,24,29, ,2,,,,,4,3,,,12,16,19,14,10,6,23,34,5,10
https://www.academiadasapostasbrasil.com/stats/match/brasil/brasileirao-serie-a/sao-paulo/sport/2729603/live,Sao Paulo,Sport,2018,37,,, 68% , 32% ,6,3,,,1, ,,,7,2,,,109,51,64,24,7,1,1, ,,,2,3, ,1,13,18,21,22,3,17,27,18,7,5
https://www.academiadasapostasbrasil.com/stats/match/brasil/brasileirao-serie-a/chapecoense/sao-paulo/2729609/live,Chapecoense,Sao Paulo,2018,38,1, , 47% , 53% ,3,1,,,1, ,1,1,3,2,,,77,66,36,32,2,3,,,,, ,3,,,11,21,26,13,4,7,33,25,5,1
https://www.academiadasapostasbrasil.com/stats/match/brasil/brasileirao-serie-a/flamengo/atletico-pr/2729612/live,Flamengo,Atletico Pr,2018,38,1,2, 52% , 48% ,5,1,,,,,1,3,6,5,,,62,56,40,31,1, ,,,1, ,4,1, ,1,18,19,19,20,9,8,24,24,6,1
https://www.academiadasapostasbrasil.com/stats/match/brasil/brasileirao-serie-a/parana-clube/internacional/2729608/live,Parana Clube,Internacional,2018,38,1,1, 47% , 53% ,4,1,,,,,2, ,9,4,,,73,74,40,39,2,3,,,,,1,2,1, ,14,15,18,16,6,10,30,23,5,6
https://www.academiadasapostasbrasil.com/stats/match/brasil/brasileirao-serie-a/ceara/vasco/2729613/live,Ceara,Vasco,2018,38,,, 49% , 51% ,3,1,,,,,2,5,7,1,,,63,54,42,30,1,4,,,1, ,3,2,,,18,12,16,19,2,8,23,18,6,3
https://www.academiadasapostasbrasil.com/stats/match/brasil/brasileirao-serie-a/bahia/cruzeiro/2729610/live,Bahia,Cruzeiro,2018,38,,, 44% , 56% , ,7,,, ,1,3,2,10,5,,,59,51,37,27, ,3,,,,,4,1,,,16,11,18,18,6,15,17,23,7,8
https://www.academiadasapostasbrasil.com/stats/match/brasil/brasileirao-serie-a/fluminense/america-mineiro/2729611/live,Fluminense,America Mineiro,2018,38,1, , 43% , 57% ,3,7,,,1, ,2,2,4,9,,,61,72,31,39,3, , ,1,,,4,2,,,13,19,19,16,14,5,20,23,4,8
https://www.academiadasapostasbrasil.com/stats/match/brasil/brasileirao-serie-a/sport/santos/2729614/live,Sport,Santos,2018,38,2,1, 49% , 51% ,3,5,,,,,,,2,6,,,60,63,32,29,5, ,,,,,3,1,,,19,21,21,26,7,7,21,28,1,1
https://www.academiadasapostasbrasil.com/stats/match/brasil/brasileirao-serie-a/palmeiras/vitoria/2729615/live,Palmeiras,Vitoria,2018,38,3,2, 54% , 46% ,5,1,,,,,2,1,13,7,,,69,54,49,31,3, , ,1,,,2,2,,,10,7,7,13,10,15,8,16,10,2
https://www.academiadasapostasbrasil.com/stats/match/brasil/brasileirao-serie-a/gremio/corinthians/2729616/live,Gremio,Corinthians,2018,38,1, , 53% , 47% ,1,1,,,,,1, ,4,1,,,69,67,49,31,1, ,,, , ,2,4,,,9,15,15,10,2,6,16,23,7,5
